sku,title,department,quantity,unit_price,purchase_timestamp
6793436,Crab - Meat,Clothing,3,£91.54,2018-11-27T20:05:55Z
7503081,Olive - Spread Tapenade,Books,2,£35.72,2018-11-27T07:34:51Z
5965630,Turnip - White,Outdoors,6,£78.94,2018-11-27T17:10:05Z
9481496,Wine - Fontanafredda Barolo,Games,9,£58.33,2018-11-27T22:30:42Z
4527517,"Peas - Pigeon, Dry",Outdoors,9,£98.68,2018-11-27T16:26:17Z
5223948,The Pop Shoppe - Root Beer,Beauty,2,£72.75,2018-11-27T21:10:37Z
5500360,Buffalo - Striploin,Computers,5,£49.93,2018-11-27T04:42:09Z
7928678,Browning Caramel Glace,Toys,9,£90.33,2018-11-27T23:50:09Z
6164355,Oil - Olive Bertolli,Sports,3,£96.89,2018-11-27T15:11:18Z
1785812,"Tomatoes - Diced, Canned",Beauty,8,£7.78,2018-11-27T19:40:04Z
2087039,Appetizer - Tarragon Chicken,Baby,1,£36.27,2018-11-27T07:42:43Z
8690487,Muffin Mix - Carrot,Grocery,4,£40.49,2018-11-27T16:23:23Z
9128886,Crackers - Soda / Saltins,Music,3,£68.51,2018-11-27T00:16:55Z
2628403,English Muffin,Health,8,£4.12,2018-11-27T23:42:00Z
8004418,Cheese - Brick With Pepper,Clothing,8,£9.19,2018-11-27T06:54:28Z
6644168,Cocktail Napkin Blue,Sports,10,£50.25,2018-11-27T07:22:17Z
0391232,Zucchini - Yellow,Music,9,£82.57,2018-11-27T05:40:08Z
4845027,Glucose,Beauty,2,£94.37,2018-11-27T07:59:11Z
0819037,"Beef - Ground, Extra Lean, Fresh",Movies,7,£13.31,2018-11-27T07:22:02Z
7539240,Muffin - Mix - Mango Sour Cherry,Tools,4,£54.86,2018-11-27T13:48:31Z
7934057,Arizona - Plum Green Tea,Tools,2,£57.75,2018-11-27T12:26:57Z
2017758,"Pasta - Bauletti, Chicken White",Automotive,3,£94.90,2018-11-27T22:19:33Z
9853975,Water - Spring Water 500ml,Outdoors,1,£41.28,2018-11-27T11:32:47Z
0804838,Onions - Cippolini,Kids,10,£95.32,2018-11-27T15:44:39Z
1652262,Irish Cream - Baileys,Home,9,£0.73,2018-11-27T03:15:02Z
7115029,Onions - Red Pearl,Garden,3,£8.95,2018-11-27T03:14:55Z
5940282,"Cod - Salted, Boneless",Home,8,£81.02,2018-11-27T08:17:26Z
3543915,Cake - Miini Cheesecake Cherry,Home,8,£78.68,2018-11-27T05:16:50Z
8685692,Cheese - La Sauvagine,Beauty,8,£65.54,2018-11-27T06:37:44Z
5277104,Petit Baguette,Computers,4,£95.43,2018-11-27T00:22:59Z
7255388,Juice - Ocean Spray Cranberry,Jewelery,5,£76.63,2018-11-27T11:28:12Z
2079847,Island Oasis - Banana Daiquiri,Electronics,5,£21.89,2018-11-27T23:55:24Z
7617453,Walkers Special Old Whiskey,Kids,3,£55.13,2018-11-27T16:55:48Z
3712683,Stock - Fish,Home,8,£52.99,2018-11-27T13:43:42Z
0827893,"Peas - Pigeon, Dry",Grocery,3,£18.73,2018-11-27T07:07:16Z
2186242,Glass Clear 7 Oz Xl,Electronics,8,£58.60,2018-11-27T10:17:42Z
1480378,Island Oasis - Lemonade,Tools,7,£63.61,2018-11-27T03:12:04Z
0139575,"Tomatoes - Diced, Canned",Electronics,3,£33.01,2018-11-27T00:56:02Z
5885897,Wine - Stoneliegh Sauvignon,Health,6,£56.36,2018-11-27T23:40:45Z
1528985,"Wine - Cahors Ac 2000, Clos",Outdoors,9,£33.48,2018-11-27T05:29:56Z
3678300,Bread - Raisin,Tools,3,£49.55,2018-11-27T15:43:47Z
5470876,"Wine - Niagara,vqa Reisling",Toys,8,£79.49,2018-11-27T20:49:10Z
9130137,Berry Brulee,Garden,4,£40.87,2018-11-27T16:33:32Z
3998206,"Mushroom - Porcini, Dry",Music,10,£37.02,2018-11-27T16:04:25Z
9464195,Pineapple - Golden,Games,9,£8.40,2018-11-27T22:05:20Z
1455674,Pimento - Canned,Clothing,3,£37.20,2018-11-27T16:07:33Z
2373434,Juice - Ocean Spray Cranberry,Electronics,1,£12.03,2018-11-27T19:33:33Z
6528707,"Juice - Grapefruit, 341 Ml",Grocery,10,£79.71,2018-11-27T21:48:01Z
6783890,Tamarillo,Automotive,2,£34.74,2018-11-27T23:14:14Z
4332756,Water - Spring Water 500ml,Books,10,£15.26,2018-11-27T18:42:42Z
0684742,"Iced Tea - Lemon, 340ml",Movies,9,£92.41,2018-11-27T05:45:29Z
9529296,Remy Red Berry Infusion,Games,7,£94.04,2018-11-27T11:22:27Z
3874676,Wine - Remy Pannier Rose,Garden,2,£28.65,2018-11-27T04:35:56Z
4357179,Wine - Jaboulet Cotes Du Rhone,Books,8,£44.54,2018-11-27T11:29:40Z
6463720,"Artichoke - Bottom, Canned",Health,5,£42.10,2018-11-27T03:32:52Z
2477926,Paste - Black Olive,Sports,6,£23.99,2018-11-27T13:45:54Z
9019718,Cheese - Camembert,Movies,8,£97.12,2018-11-27T14:38:12Z
4917658,Scrubbie - Scotchbrite Hand Pad,Computers,4,£89.57,2018-11-27T03:21:03Z
4303800,Vodka - Moskovskaya,Games,7,£82.10,2018-11-27T01:01:07Z
9535352,Crackers - Trio,Garden,9,£5.79,2018-11-27T16:12:15Z
0029603,Tea - Orange Pekoe,Jewelery,1,£11.63,2018-11-27T09:18:00Z
3406461,Dc - Frozen Momji,Baby,6,£78.90,2018-11-27T00:06:54Z
4909313,Wine - Montecillo Rioja Crianza,Automotive,8,£39.60,2018-11-27T20:13:55Z
2126124,"Split Peas - Green, Dry",Music,10,£66.90,2018-11-27T20:02:02Z
7897980,Wine - Port Late Bottled Vintage,Computers,6,£8.83,2018-11-27T23:38:59Z
5347249,Chinese Foods - Cantonese,Sports,1,£24.60,2018-11-27T15:07:21Z
1622130,Liquid Aminios Acid - Braggs,Jewelery,8,£35.96,2018-11-27T23:04:12Z
9340304,Cumin - Whole,Books,1,£61.29,2018-11-27T15:25:16Z
2350088,Sour Cream,Industrial,7,£20.32,2018-11-27T06:35:04Z
5141546,Wine - Zinfandel California 2002,Automotive,1,£64.49,2018-11-27T22:04:53Z
1709708,Honey - Lavender,Beauty,5,£56.97,2018-11-27T22:01:43Z
0922098,"Juice - Pineapple, 341 Ml",Jewelery,2,£78.07,2018-11-27T21:32:33Z
0338490,Snails - Large Canned,Computers,7,£42.47,2018-11-27T12:06:47Z
8529110,Nantucket Cranberry Juice,Sports,4,£72.00,2018-11-27T15:17:09Z
1178988,Island Oasis - Lemonade,Baby,4,£49.45,2018-11-27T13:57:11Z
3114012,Sour Puss - Tangerine,Garden,2,£23.88,2018-11-27T20:21:39Z
9621355,Breakfast Quesadillas,Books,1,£59.23,2018-11-27T02:46:55Z
3699758,True - Vue Containers,Tools,5,£60.89,2018-11-27T09:14:18Z
9645877,Longos - Grilled Veg Sandwiches,Electronics,2,£48.24,2018-11-27T02:49:07Z
4012257,Cheese - Gouda Smoked,Outdoors,9,£38.36,2018-11-27T06:17:30Z
3869279,Evaporated Milk - Skim,Electronics,1,£23.01,2018-11-27T07:49:43Z
8412065,Compound - Mocha,Computers,6,£25.11,2018-11-27T21:17:23Z
8561505,Wine - Magnotta - Bel Paese White,Grocery,5,£11.16,2018-11-27T19:55:31Z
2618983,"Arctic Char - Fresh, Whole",Grocery,10,£68.18,2018-11-27T23:37:53Z
1218470,Gatorade - Lemon Lime,Garden,2,£27.51,2018-11-27T00:21:29Z
1676958,Sage - Ground,Games,2,£58.79,2018-11-27T18:58:54Z
9878889,Apricots - Halves,Books,2,£28.62,2018-11-27T14:16:56Z
8334808,Blueberries,Grocery,4,£45.23,2018-11-27T07:41:30Z
9951895,"Tart Shells - Savory, 3",Tools,4,£44.96,2018-11-27T07:44:58Z
2530370,"Pasta - Shells, Medium, Dry",Industrial,3,£62.48,2018-11-27T13:01:32Z
8181187,Aspic - Clear,Automotive,4,£6.03,2018-11-27T00:33:20Z
5624597,Steampan Lid,Movies,1,£13.39,2018-11-27T21:58:09Z
1269582,Flour - Whole Wheat,Jewelery,8,£57.83,2018-11-27T07:13:14Z
4799923,"Chicken - Diced, Cooked",Books,3,£99.21,2018-11-27T20:25:21Z
4429765,Calypso - Lemonade,Garden,1,£73.52,2018-11-27T22:48:54Z
0907880,Cheese - Sheep Milk,Sports,10,£56.76,2018-11-27T22:24:42Z
9579299,Beer - Mcauslan Apricot,Health,8,£11.02,2018-11-27T12:16:44Z
1369834,Beef - Inside Round,Kids,9,£98.29,2018-11-27T04:01:25Z
6232496,"Artichoke - Hearts, Canned",Clothing,4,£98.67,2018-11-27T13:53:21Z
8051582,"Chilli Paste, Hot Sambal Oelek",Sports,3,£29.05,2018-11-27T07:32:13Z
9692625,Juice - Ocean Spray Kiwi,Clothing,8,£77.31,2018-11-27T14:34:31Z
9206916,"Pork - Butt, Boneless",Jewelery,8,£66.70,2018-11-27T04:39:54Z
0098173,Wine - Vouvray Cuvee Domaine,Garden,2,£10.12,2018-11-27T15:56:17Z
4664863,Bread Crumbs - Japanese Style,Outdoors,1,£13.43,2018-11-27T00:23:30Z
7984208,Petite Baguette,Home,4,£66.52,2018-11-27T02:37:19Z
8261787,Ice Cream - Turtles Stick Bar,Jewelery,3,£33.03,2018-11-27T02:06:19Z
0623290,Beer - Fruli,Health,9,£48.12,2018-11-27T05:33:07Z
9628746,"Wine - White, Pelee Island",Health,8,£86.32,2018-11-27T17:34:06Z
3145522,Flavouring - Raspberry,Outdoors,1,£21.93,2018-11-27T06:25:09Z
4172679,Wine - Chenin Blanc K.w.v.,Beauty,5,£34.56,2018-11-27T23:47:01Z
9500313,Compound - Rum,Home,5,£84.07,2018-11-27T03:09:54Z
2845444,Nut - Macadamia,Industrial,7,£15.37,2018-11-27T03:33:53Z
1480870,Swiss Chard - Red,Kids,9,£77.82,2018-11-27T05:29:19Z
8265401,Gatorade - Xfactor Berry,Home,10,£47.51,2018-11-27T09:01:26Z
7858862,Kiwano,Shoes,8,£67.60,2018-11-27T01:48:42Z
6475656,"7up Diet, 355 Ml",Health,7,£34.99,2018-11-27T16:44:46Z
9494964,Food Colouring - Orange,Music,8,£15.35,2018-11-27T11:13:52Z
1776695,"Tart Shells - Savory, 2",Books,8,£9.96,2018-11-27T14:43:32Z
9180203,Dooleys Toffee,Health,1,£46.38,2018-11-27T03:31:27Z
8735292,Daves Island Stinger,Computers,3,£49.12,2018-11-27T01:43:33Z
0890933,Cornish Hen,Industrial,8,£14.20,2018-11-27T14:08:00Z
9194974,Cheese - Marble,Clothing,6,£23.02,2018-11-27T09:07:47Z
5622861,Bagel - Ched Chs Presliced,Jewelery,10,£31.44,2018-11-27T06:53:11Z
5547829,Sambuca - Ramazzotti,Automotive,5,£26.91,2018-11-27T19:33:24Z
5375472,Cheese - Ricotta,Automotive,4,£8.39,2018-11-27T19:16:31Z
6948514,"Mustard - Dry, Powder",Sports,10,£74.88,2018-11-27T08:45:59Z
5733501,Chutney Sauce,Industrial,2,£44.17,2018-11-27T23:48:07Z
0182085,Fennel,Electronics,6,£51.06,2018-11-27T01:17:56Z
1781140,"Crab - Dungeness, Whole, live",Music,9,£76.31,2018-11-27T18:06:50Z
6059562,"Red Snapper - Fillet, Skin On",Health,1,£97.95,2018-11-27T16:20:53Z
5562339,Crackers - Trio,Health,1,£99.97,2018-11-27T23:33:23Z
0443726,"Beef - Rouladin, Sliced",Jewelery,10,£95.60,2018-11-27T09:13:37Z
4074899,"Soup - Knorr, Veg / Beef",Games,6,£8.59,2018-11-27T23:10:17Z
9566552,Chocolate Bar - Reese Pieces,Kids,10,£94.72,2018-11-27T02:43:50Z
6942273,Lettuce - Frisee,Kids,2,£60.50,2018-11-27T22:55:40Z
9275424,Fudge - Chocolate Fudge,Clothing,2,£1.09,2018-11-27T14:19:38Z
0527360,Halibut - Steaks,Baby,4,£55.23,2018-11-27T13:48:31Z
4910402,Wine - Vouvray Cuvee Domaine,Toys,3,£12.95,2018-11-27T00:45:16Z
4043159,Flour Dark Rye,Computers,2,£93.84,2018-11-27T11:38:46Z
4350832,Appetizer - Cheese Bites,Automotive,4,£68.97,2018-11-27T10:37:59Z
9427605,Cranberry Foccacia,Movies,7,£95.61,2018-11-27T00:34:16Z
0930306,"Gingerale - Schweppes, 355 Ml",Outdoors,10,£4.63,2018-11-27T18:04:10Z
4407977,"Hickory Smoke, Liquid",Baby,2,£56.55,2018-11-27T22:54:54Z
6257507,Bread - Hot Dog Buns,Home,5,£58.33,2018-11-27T00:38:05Z
8303188,Lettuce - Treviso,Grocery,5,£69.56,2018-11-27T10:16:40Z
4905540,"Bread - Sticks, Thin, Plain",Clothing,1,£82.11,2018-11-27T11:36:09Z
0868963,"Rice Pilaf, Dry,package",Computers,4,£22.43,2018-11-27T02:03:23Z
1929920,"Jam - Blackberry, 20 Ml Jar",Music,7,£66.59,2018-11-27T11:19:52Z
6653836,Island Oasis - Cappucino Mix,Sports,6,£16.78,2018-11-27T06:24:37Z
4062596,Soy Protein,Clothing,6,£54.47,2018-11-27T21:06:27Z
3776695,Cheese - Bakers Cream Cheese,Sports,5,£20.14,2018-11-27T09:27:42Z
6304145,Rice - 7 Grain Blend,Baby,2,£89.92,2018-11-27T12:33:27Z
0357610,Goldschalger,Sports,3,£55.41,2018-11-27T14:57:54Z
1440290,Beer - Tetleys,Industrial,2,£24.92,2018-11-27T12:17:41Z
7891021,"Tortillas - Flour, 8",Tools,1,£6.74,2018-11-27T13:03:58Z
1763570,Cheese - Victor Et Berthold,Shoes,7,£15.55,2018-11-27T00:40:33Z
7578817,Chocolate Bar - Smarties,Home,6,£36.55,2018-11-27T03:42:45Z
1901457,"Beef - Bones, Marrow",Electronics,8,£18.63,2018-11-27T17:51:13Z
3894729,"Coconut - Shredded, Unsweet",Books,1,£98.41,2018-11-27T18:55:30Z
0362190,Soupcontfoam16oz 116con,Health,9,£91.38,2018-11-27T20:22:28Z
0521646,"Cheese - Mozzarella, Shredded",Movies,1,£79.30,2018-11-27T14:32:42Z
2091813,Smoked Paprika,Toys,7,£63.01,2018-11-27T14:13:52Z
0560947,"Beef - Bones, Cut - Up",Grocery,5,£56.00,2018-11-27T17:43:56Z
1319179,"Beef - Bones, Marrow",Music,3,£18.82,2018-11-27T04:15:52Z
3383466,Grenadillo,Industrial,7,£73.63,2018-11-27T12:10:05Z
3754494,Tea - Lemon Scented,Sports,9,£0.73,2018-11-27T15:39:22Z
8524616,Flour - Semolina,Computers,5,£40.37,2018-11-27T23:04:46Z
6011330,Squash - Acorn,Kids,8,£4.70,2018-11-27T23:43:50Z
5238700,"Ecolab - Orange Frc, Cleaner",Baby,9,£92.88,2018-11-27T23:34:52Z
4175313,Coffee - French Vanilla Frothy,Kids,2,£10.13,2018-11-27T00:18:25Z
9813942,Pork - Bacon Cooked Slcd,Industrial,7,£92.20,2018-11-27T22:20:52Z
0573614,Curry Powder,Beauty,10,£41.78,2018-11-27T15:30:58Z
9251115,Pea - Snow,Garden,5,£59.75,2018-11-27T03:37:31Z
3466281,Pepper - Scotch Bonnet,Beauty,8,£3.72,2018-11-27T08:39:41Z
5545604,Wine - Lou Black Shiraz,Grocery,3,£13.57,2018-11-27T07:40:14Z
0714835,"Tuna - Canned, Flaked, Light",Health,8,£10.10,2018-11-27T11:59:05Z
7143239,"Sauce - Bernaise, Mix",Industrial,9,£50.51,2018-11-27T11:56:18Z
3090335,Apricots - Dried,Baby,2,£2.73,2018-11-27T23:06:35Z
6162815,Jerusalem Artichoke,Automotive,6,£48.92,2018-11-27T15:19:35Z
1160315,"Soup - Campbells, Butternut",Clothing,2,£85.33,2018-11-27T15:02:09Z
7079524,Roe - White Fish,Games,5,£23.19,2018-11-27T20:36:54Z
8494304,Jolt Cola - Electric Blue,Sports,10,£75.59,2018-11-27T10:23:25Z
4763500,Wine - Rubyport,Clothing,10,£88.57,2018-11-27T13:55:19Z
0628326,Lamb Rack - Ontario,Outdoors,5,£97.68,2018-11-27T13:58:27Z
4347055,Cheese - Le Cheve Noir,Industrial,8,£69.61,2018-11-27T11:42:56Z
8548016,Filling - Mince Meat,Jewelery,10,£11.82,2018-11-27T02:38:56Z
5101973,Juice - Prune,Toys,10,£54.86,2018-11-27T08:58:57Z
0566621,"Pepper - Green, Chili",Automotive,2,£91.24,2018-11-27T19:47:29Z
9847851,"Syrup - Golden, Lyles",Tools,9,£49.47,2018-11-27T02:44:51Z
8068495,"Arctic Char - Fresh, Whole",Automotive,3,£68.27,2018-11-27T14:42:27Z
5603051,Ice Cream - Fudge Bars,Beauty,3,£91.56,2018-11-27T04:28:10Z
1180050,"Wine - White, Antinore Orvieto",Kids,7,£76.75,2018-11-27T16:49:12Z
7104611,"Oil - Truffle, White",Music,1,£68.64,2018-11-27T10:12:22Z
4081379,Table Cloth 120 Round White,Clothing,1,£46.34,2018-11-27T20:49:10Z
6756262,Bag Stand,Industrial,4,£48.51,2018-11-27T20:55:39Z
9045604,Bowl 12 Oz - Showcase 92012,Garden,6,£96.24,2018-11-27T09:59:54Z
6517793,Gelatine Leaves - Envelopes,Games,8,£10.26,2018-11-27T01:31:35Z
7238181,Sprouts - Onion,Jewelery,9,£18.94,2018-11-27T06:45:28Z
2059077,Apple - Macintosh,Outdoors,2,£72.07,2018-11-27T11:53:09Z
6812214,Dates,Automotive,7,£73.07,2018-11-27T15:04:33Z
1410933,Cake - Cake Sheet Macaroon,Beauty,3,£64.69,2018-11-27T09:31:23Z
8046896,Chocolate - Chips Compound,Industrial,3,£98.98,2018-11-27T04:59:34Z
1829236,Onions - Pearl,Movies,9,£94.76,2018-11-27T07:08:06Z
2499601,Beer - Moosehead,Shoes,6,£63.23,2018-11-27T10:12:28Z
0463490,Five Alive Citrus,Books,2,£32.86,2018-11-27T14:09:43Z
3248620,Fennel,Garden,3,£65.97,2018-11-27T13:27:09Z
1678936,Chickensplit Half,Health,2,£7.98,2018-11-27T17:16:50Z
0688833,Squash - Acorn,Sports,8,£70.08,2018-11-27T15:20:59Z
6339040,Muffin Batt - Carrot Spice,Automotive,10,£63.52,2018-11-27T20:00:03Z
6322382,Horseradish - Prepared,Electronics,3,£98.98,2018-11-27T19:28:45Z
6097379,"Pasta - Elbows, Macaroni, Dry",Health,4,£76.27,2018-11-27T22:22:04Z
5169620,"Wine - Red, Marechal Foch",Beauty,10,£52.80,2018-11-27T19:01:52Z
4469734,Rolled Oats,Sports,9,£0.46,2018-11-27T15:39:07Z
1224660,Yams,Games,2,£41.02,2018-11-27T10:27:01Z
2516241,Foam Cup 6 Oz,Home,8,£70.36,2018-11-27T01:08:55Z
5324138,"Tea - Darjeeling, Azzura",Automotive,8,£30.70,2018-11-27T03:52:34Z
3891241,Lid Tray - 12in Dome,Garden,6,£94.44,2018-11-27T19:08:53Z
1430363,Wine - Chardonnay South,Tools,10,£93.87,2018-11-27T04:22:19Z
2785077,"Roe - Lump Fish, Red",Electronics,10,£34.17,2018-11-27T20:55:53Z
4364368,Wine - Alsace Riesling Reserve,Outdoors,6,£26.03,2018-11-27T17:59:50Z
7309558,Vinegar - White,Garden,5,£66.98,2018-11-27T14:20:24Z
9615594,Wine - Chateauneuf Du Pape,Toys,9,£59.76,2018-11-27T10:45:18Z
2008573,"Brandy - Orange, Mc Guiness",Grocery,1,£98.48,2018-11-27T04:56:14Z
9010629,Red Cod Fillets - 225g,Sports,7,£47.59,2018-11-27T18:30:36Z
0522962,Beef - Bresaola,Music,10,£47.26,2018-11-27T15:04:39Z
6099941,Truffle Cups - White Paper,Sports,8,£6.23,2018-11-27T19:02:58Z
7846591,Cheese - Brie Roitelet,Beauty,10,£56.85,2018-11-27T01:59:05Z
0129335,Steel Wool,Automotive,5,£56.01,2018-11-27T06:46:11Z
6423060,"Cheese - Cheddar, Mild",Toys,5,£91.53,2018-11-27T10:38:28Z
2230805,Pork - Inside,Beauty,7,£54.89,2018-11-27T06:21:40Z
8289611,Wine - Hardys Bankside Shiraz,Sports,3,£85.72,2018-11-27T02:14:50Z
2855518,Swiss Chard - Red,Kids,1,£2.11,2018-11-27T01:06:45Z
1786273,Mahi Mahi,Industrial,2,£2.39,2018-11-27T02:23:03Z
0347988,Initation Crab Meat,Grocery,9,£4.18,2018-11-27T05:43:12Z
3855655,"Jam - Marmalade, Orange",Jewelery,6,£88.34,2018-11-27T08:42:39Z
3142263,Garlic Powder,Baby,4,£20.53,2018-11-27T03:02:09Z
8441884,Sprouts - Corn,Beauty,2,£42.79,2018-11-27T08:34:11Z
6099912,"Lid - 10,12,16 Oz",Music,8,£97.66,2018-11-27T04:57:44Z
2520591,Oil - Shortening - All - Purpose,Movies,9,£38.22,2018-11-27T19:49:46Z
8073683,Juice - Orange,Sports,1,£8.69,2018-11-27T23:01:23Z
1351329,"C - Plus, Orange",Movies,3,£35.90,2018-11-27T18:56:19Z
7701001,Mix - Cocktail Strawberry Daiquiri,Automotive,2,£15.09,2018-11-27T16:13:28Z
4425928,Nut - Macadamia,Beauty,9,£52.11,2018-11-27T11:13:19Z
1582733,"Rum - Spiced, Captain Morgan",Health,8,£51.32,2018-11-27T20:21:29Z
3874449,English Muffin,Home,7,£73.86,2018-11-27T14:13:08Z
5786766,"Veal - Tenderloin, Untrimmed",Music,4,£65.99,2018-11-27T13:55:10Z
5370751,Transfer Sheets,Sports,9,£7.39,2018-11-27T15:10:58Z
0553214,"Artichoke - Hearts, Canned",Outdoors,4,£58.17,2018-11-27T14:26:57Z
9227750,"Potatoes - Instant, Mashed",Beauty,8,£87.24,2018-11-27T08:56:25Z
2805373,Squeeze Bottle,Electronics,4,£36.78,2018-11-27T13:00:23Z
3880888,Lentils - Green Le Puy,Sports,9,£97.37,2018-11-27T16:56:08Z
0116597,Sugar - Crumb,Sports,8,£19.79,2018-11-27T22:07:08Z
5345471,Crackers - Soda / Saltins,Beauty,9,£0.38,2018-11-27T20:15:20Z
3609928,Creme De Cacao White,Tools,9,£92.48,2018-11-27T16:07:42Z
3988049,"Stock - Chicken, White",Garden,2,£37.77,2018-11-27T20:55:33Z
8453273,Lettuce - Sea / Sea Asparagus,Grocery,6,£85.37,2018-11-27T05:22:16Z
6094057,Bread - Corn Muffaletta,Kids,9,£20.72,2018-11-27T23:55:55Z
3939267,Pork - Sausage Casing,Computers,1,£1.88,2018-11-27T16:45:30Z
5390724,Muffin - Mix - Mango Sour Cherry,Kids,10,£44.24,2018-11-27T09:54:28Z
2859176,Saskatoon Berries - Frozen,Industrial,5,£95.92,2018-11-27T00:06:34Z
9484779,Yogurt - Assorted Pack,Automotive,1,£9.58,2018-11-27T19:34:51Z
7744155,Kiwi,Games,2,£88.37,2018-11-27T03:17:38Z
2841523,Squid - U - 10 Thailand,Electronics,9,£49.35,2018-11-27T16:21:12Z
5220427,Lettuce - Green Leaf,Kids,1,£44.13,2018-11-27T22:43:45Z
7572959,Tomatoes - Orange,Clothing,6,£67.82,2018-11-27T20:59:53Z
4941437,Cream - 18%,Music,6,£97.29,2018-11-27T21:05:02Z
7670649,Wine - Rioja Campo Viejo,Industrial,10,£61.60,2018-11-27T04:03:42Z
3044572,Chocolate - White,Computers,4,£77.04,2018-11-27T22:15:23Z
8662574,"Tendrils - Baby Pea, Organic",Automotive,3,£62.61,2018-11-27T05:52:10Z
6799274,Canadian Emmenthal,Jewelery,1,£51.87,2018-11-27T19:37:56Z
6293644,Towel Dispenser,Music,7,£8.65,2018-11-27T05:02:11Z
3992589,Sobe - Green Tea,Games,8,£9.66,2018-11-27T13:23:57Z
0170499,Chicken - Leg / Back Attach,Clothing,8,£42.51,2018-11-27T04:04:36Z
0726559,Otomegusa Dashi Konbu,Baby,5,£58.13,2018-11-27T22:31:28Z
1141352,"Lettuce - Mini Greens, Whole",Toys,8,£79.27,2018-11-27T23:46:55Z
4142363,"Oil - Truffle, White",Industrial,1,£31.32,2018-11-27T15:41:43Z
4654562,Shrimp - Tiger 21/25,Sports,5,£75.39,2018-11-27T08:52:55Z
2711333,Turkey - Oven Roast Breast,Books,6,£39.23,2018-11-27T07:37:26Z
7060614,Beef - Bresaola,Music,2,£30.92,2018-11-27T13:59:32Z
4054372,Mustard - Pommery,Baby,8,£53.42,2018-11-27T12:03:14Z
7397986,Foam Cup 6 Oz,Shoes,8,£69.12,2018-11-27T06:20:56Z
9269859,Sobe - Orange Carrot,Garden,2,£25.60,2018-11-27T22:04:30Z
8912119,"Yogurt - Banana, 175 Gr",Games,2,£56.77,2018-11-27T08:32:33Z
9059034,Muffin Batt - Carrot Spice,Industrial,6,£49.19,2018-11-27T18:42:44Z
8725621,Tea Leaves - Oolong,Outdoors,10,£72.01,2018-11-27T17:56:06Z
1958967,Muffin - Mix - Creme Brule 15l,Sports,5,£64.81,2018-11-27T23:54:16Z
7324324,Remy Red,Music,10,£84.85,2018-11-27T05:43:32Z
4000412,Wine - Tribal Sauvignon,Jewelery,3,£85.10,2018-11-27T10:11:28Z
4340964,"Potatoes - Purple, Organic",Shoes,8,£8.99,2018-11-27T14:34:02Z
0039675,Sea Urchin,Tools,5,£67.38,2018-11-27T09:13:48Z
5177028,Cup - Paper 10oz 92959,Music,8,£11.01,2018-11-27T22:38:25Z
3497766,Table Cloth 62x114 White,Home,5,£1.68,2018-11-27T03:30:59Z
5288562,"Brownies - Two Bite, Chocolate",Automotive,6,£53.01,2018-11-27T20:12:46Z
5334535,Shrimp - Black Tiger 16/20,Kids,6,£8.53,2018-11-27T03:11:44Z
4101382,Taro Root,Home,2,£47.66,2018-11-27T07:58:41Z
6048053,"Nestea - Ice Tea, Diet",Home,8,£21.20,2018-11-27T20:00:33Z
6336377,Phyllo Dough,Tools,5,£64.72,2018-11-27T10:06:55Z
6335856,Muffin Mix - Corn Harvest,Computers,10,£14.52,2018-11-27T13:21:27Z
1323612,"Crab - Blue, Frozen",Health,6,£17.02,2018-11-27T17:35:45Z
8368253,Beans - Soya Bean,Books,5,£90.69,2018-11-27T09:33:02Z
2116212,"Croissant, Raw - Mini",Kids,5,£14.86,2018-11-27T23:42:17Z
2403193,Goat - Whole Cut,Jewelery,8,£29.61,2018-11-27T15:05:56Z
0074719,Yoplait - Strawbrasp Peac,Clothing,5,£40.75,2018-11-27T07:38:00Z
0979772,"Red Snapper - Fresh, Whole",Computers,9,£40.95,2018-11-27T22:54:42Z
1955020,Puree - Strawberry,Health,7,£20.55,2018-11-27T14:39:52Z
5446333,Scampi Tail,Tools,9,£90.53,2018-11-27T15:45:31Z
2744305,Beef - Tenderloin,Baby,7,£37.01,2018-11-27T10:24:59Z
9482874,"Chicken - Leg, Boneless",Clothing,1,£34.81,2018-11-27T22:04:04Z
8355128,Cassis,Jewelery,9,£73.58,2018-11-27T17:18:02Z
3760346,Ice Cream - Life Savers,Beauty,6,£0.18,2018-11-27T16:11:38Z
7882962,Pail With Metal Handle 16l White,Outdoors,6,£33.93,2018-11-27T08:16:09Z
6319300,"Sauce - Gravy, Au Jus, Mix",Industrial,8,£65.55,2018-11-27T10:16:53Z
6502888,Lamb Shoulder Boneless Nz,Health,10,£1.28,2018-11-27T00:34:12Z
4099955,Butter - Salted,Home,1,£58.47,2018-11-27T01:26:21Z
0591397,Yogurt - Assorted Pack,Games,1,£73.97,2018-11-27T01:10:27Z
5670186,Vinegar - White,Clothing,5,£16.19,2018-11-27T23:20:04Z
6141815,Coffee - Hazelnut Cream,Tools,7,£3.25,2018-11-27T09:27:57Z
4162905,Cheese - Cottage Cheese,Kids,8,£32.83,2018-11-27T17:36:10Z
4385096,Veal - Liver,Books,3,£8.20,2018-11-27T06:42:15Z
8818248,Wine - Cotes Du Rhone Parallele,Computers,8,£73.48,2018-11-27T02:23:37Z
5208725,Onions Granulated,Computers,5,£87.38,2018-11-27T09:38:36Z
9291140,Cinnamon Rolls,Automotive,4,£70.62,2018-11-27T10:04:54Z
3786993,Bread Fig And Almond,Sports,9,£32.60,2018-11-27T11:47:14Z
3254604,Ham - Black Forest,Health,3,£78.41,2018-11-27T19:37:05Z
5094592,Goldschalger,Electronics,1,£27.36,2018-11-27T11:43:54Z
4907654,Zucchini - Yellow,Clothing,4,£21.18,2018-11-27T04:28:56Z
0740976,Amaretto,Electronics,4,£26.97,2018-11-27T03:47:24Z
3569056,Muffin Mix - Raisin Bran,Computers,1,£19.08,2018-11-27T18:55:32Z
5295904,Nantucket - Carrot Orange,Industrial,3,£87.54,2018-11-27T09:17:16Z
6713240,Pears - Bosc,Music,4,£13.09,2018-11-27T15:00:20Z
7615567,Sambuca Cream,Grocery,1,£75.04,2018-11-27T05:20:16Z
7968762,Flour - Cake,Clothing,10,£54.50,2018-11-27T14:43:43Z
9526418,Onions - Cooking,Outdoors,10,£37.52,2018-11-27T08:52:19Z
7583090,Roe - White Fish,Tools,9,£15.56,2018-11-27T08:44:05Z
8219763,"Mushroom - Enoki, Fresh",Outdoors,3,£14.52,2018-11-27T08:38:04Z
1814980,Wine - Rosso Toscano Igt,Health,3,£97.78,2018-11-27T04:41:33Z
8047436,Lamb - Rack,Garden,9,£74.03,2018-11-27T18:29:52Z
0385870,"Pork - Bacon, Sliced",Home,1,£77.92,2018-11-27T16:44:52Z
4274014,Asparagus - Frozen,Industrial,1,£8.86,2018-11-27T04:59:41Z
4889479,Devonshire Cream,Electronics,1,£74.44,2018-11-27T20:46:36Z
0332891,Beans - Wax,Baby,2,£98.55,2018-11-27T18:01:23Z
9210498,Onions - Cooking,Sports,3,£95.73,2018-11-27T20:33:36Z
8061852,Wine - Chateau Aqueria Tavel,Electronics,2,£67.42,2018-11-27T21:45:40Z
5513140,Soup - Campbells Chicken,Automotive,8,£63.60,2018-11-27T02:09:37Z
1476149,Tomatoes - Yellow Hot House,Outdoors,6,£98.57,2018-11-27T01:11:34Z
5684031,"Capon - Breast, Wing On",Books,1,£32.90,2018-11-27T14:20:31Z
5128314,Veal - Sweetbread,Home,9,£54.00,2018-11-27T14:20:50Z
4346651,Coconut - Whole,Health,10,£84.43,2018-11-27T20:35:14Z
8374779,"Pasta - Fusili, Dry",Kids,7,£39.69,2018-11-27T22:16:37Z
3645785,"Fish - Scallops, Cold Smoked",Automotive,1,£42.89,2018-11-27T23:23:00Z
6839211,Soup - Campbells,Tools,10,£85.97,2018-11-27T01:12:56Z
9466644,Hog / Sausage Casing - Pork,Baby,5,£20.98,2018-11-27T03:02:05Z
6033720,Appetizer - Southwestern,Home,6,£81.66,2018-11-27T22:16:38Z
4892516,Mustard - Individual Pkg,Baby,4,£46.29,2018-11-27T03:56:43Z
8719504,Vector Energy Bar,Outdoors,8,£11.71,2018-11-27T05:28:29Z
2638092,Icecream Cone - Areo Chocolate,Home,10,£91.36,2018-11-27T10:31:45Z
7278476,Pastry - Baked Cinnamon Stick,Home,10,£25.19,2018-11-27T21:58:32Z
9733219,Juice - Lagoon Mango,Tools,8,£10.83,2018-11-27T18:01:08Z
2879197,Cookie - Oreo 100x2,Shoes,5,£62.33,2018-11-27T04:55:25Z
3880092,Salmon Steak - Cohoe 8 Oz,Grocery,8,£13.41,2018-11-27T07:12:26Z
2320096,Wine - Cousino Macul Antiguas,Beauty,3,£51.65,2018-11-27T06:52:42Z
6793508,Seedlings - Clamshell,Books,3,£91.31,2018-11-27T02:57:38Z
0228426,Bagel - Everything Presliced,Grocery,4,£25.94,2018-11-27T11:35:16Z
3272960,Liqueur - Melon,Kids,10,£22.35,2018-11-27T23:08:19Z
1279480,"Mushroom - Chanterelle, Dry",Toys,7,£22.50,2018-11-27T13:31:12Z
7659651,"Wine - Sherry Dry Sack, William",Outdoors,4,£47.46,2018-11-27T12:55:58Z
4630497,Cheese - Blue,Baby,9,£67.07,2018-11-27T10:37:21Z
4618888,Soup - French Can Pea,Electronics,8,£89.09,2018-11-27T03:37:02Z
7339014,Pate - Liver,Grocery,6,£4.61,2018-11-27T02:17:34Z
8376812,Veal - Eye Of Round,Clothing,7,£2.08,2018-11-27T17:43:13Z
2258872,Sage - Ground,Outdoors,8,£40.02,2018-11-27T16:54:21Z
3669802,Bagelers - Cinn / Brown,Grocery,6,£76.16,2018-11-27T23:18:22Z
8316474,Cheese - Roquefort Pappillon,Music,9,£25.97,2018-11-27T06:49:17Z
5154330,Fireball Whisky,Music,8,£66.77,2018-11-27T15:27:41Z
6747809,"Lemonade - Kiwi, 591 Ml",Garden,7,£34.86,2018-11-27T10:24:20Z
9786246,Gingerale - Diet - Schweppes,Electronics,6,£68.83,2018-11-27T23:32:40Z
6731521,Tomato - Plum With Basil,Shoes,6,£10.79,2018-11-27T09:24:10Z
9761279,Spic And Span All Purpose,Automotive,4,£99.25,2018-11-27T19:26:10Z
7508026,Calypso - Strawberry Lemonade,Automotive,5,£9.51,2018-11-27T10:34:18Z
1026780,Zucchini - Yellow,Toys,3,£94.56,2018-11-27T16:46:04Z
1602378,Flour Pastry Super Fine,Clothing,7,£7.43,2018-11-27T09:32:11Z
7611736,Ice Cream Bar - Oreo Cone,Electronics,6,£70.52,2018-11-27T18:34:39Z
9379470,Mushroom Morel Fresh,Tools,1,£99.84,2018-11-27T05:51:51Z
2771002,Knife Plastic - White,Clothing,9,£42.40,2018-11-27T15:24:04Z
3069759,Squid - U 5,Kids,8,£31.58,2018-11-27T11:32:23Z
0030845,"Crab - Claws, Snow 16 - 24",Health,6,£31.99,2018-11-27T11:12:09Z
7198619,Mushroom - White Button,Beauty,7,£83.78,2018-11-27T03:24:31Z
4289573,Bread Cranberry Foccacia,Jewelery,4,£55.42,2018-11-27T09:58:46Z
6817554,Monkfish - Fresh,Tools,4,£48.21,2018-11-27T12:19:34Z
0298597,Fennel - Seeds,Jewelery,9,£85.36,2018-11-27T11:12:14Z
2268827,"Doilies - 10, Paper",Automotive,9,£54.20,2018-11-27T15:52:37Z
4535284,Chocolate - Liqueur Cups With Foil,Outdoors,1,£66.55,2018-11-27T19:05:12Z
7787745,Longos - Chicken Wings,Baby,10,£94.03,2018-11-27T01:38:08Z
7323517,Sprouts - Baby Pea Tendrils,Health,1,£70.99,2018-11-27T12:37:50Z
0107900,"Tomatoes - Diced, Canned",Health,4,£31.43,2018-11-27T10:11:24Z
7023295,"Beans - Turtle, Black, Dry",Tools,4,£36.34,2018-11-27T23:40:47Z
1320569,Kaffir Lime Leaves,Games,7,£27.13,2018-11-27T19:46:03Z
3597649,"Halibut - Whole, Fresh",Shoes,5,£29.38,2018-11-27T10:47:30Z
6289259,Wine - Remy Pannier Rose,Beauty,2,£99.79,2018-11-27T19:03:08Z
1331849,Corn Syrup,Baby,2,£59.08,2018-11-27T07:10:32Z
9835539,Gatorade - Fruit Punch,Clothing,8,£22.68,2018-11-27T10:41:36Z
3689157,Campari,Shoes,7,£33.84,2018-11-27T04:11:33Z
2622465,Gingerale - Diet - Schweppes,Games,10,£3.59,2018-11-27T11:35:40Z
5722380,Coffee Swiss Choc Almond,Baby,10,£20.58,2018-11-27T09:37:01Z
4298382,Zucchini - Yellow,Movies,9,£99.81,2018-11-27T18:22:05Z
7971048,Puree - Mocha,Jewelery,6,£63.94,2018-11-27T23:25:42Z
2000680,Tea - Black Currant,Outdoors,4,£22.67,2018-11-27T07:51:15Z
2937149,"Lid - Translucent, 3.5 And 6 Oz",Garden,7,£9.89,2018-11-27T12:37:03Z
7996263,"Pork - Back, Short Cut, Boneless",Industrial,10,£94.28,2018-11-27T04:56:03Z
1715849,Sea Bass - Whole,Tools,10,£63.50,2018-11-27T18:12:39Z
3992960,Bar - Sweet And Salty Chocolate,Beauty,7,£65.71,2018-11-27T06:17:35Z
7303352,Ecolab Silver Fusion,Beauty,8,£99.22,2018-11-27T22:45:15Z
4256228,Juice - Orange 1.89l,Baby,5,£28.90,2018-11-27T15:28:08Z
1615284,Salt - Table,Books,8,£20.93,2018-11-27T14:57:16Z
4628010,Pepsi - 600ml,Tools,10,£90.35,2018-11-27T18:54:46Z
8688141,"Soup - Knorr, Country Bean",Beauty,3,£4.80,2018-11-27T19:42:41Z
4550605,"Juice - Cranberry, 341 Ml",Computers,7,£23.83,2018-11-27T00:41:41Z
6498112,Pastry - Carrot Muffin - Mini,Books,8,£81.07,2018-11-27T18:36:04Z
3146462,Chocolate - Dark Callets,Books,6,£52.49,2018-11-27T23:46:33Z
5187519,Glaze - Clear,Books,5,£41.13,2018-11-27T12:32:00Z
5467199,Sugar - Fine,Outdoors,1,£58.26,2018-11-27T09:44:45Z
7445088,Cheese Cloth No 100,Tools,1,£24.45,2018-11-27T22:29:47Z
5446660,"Mushroom - Chantrelle, Fresh",Kids,6,£64.70,2018-11-27T10:11:59Z
9183177,Sausage - Meat,Garden,5,£4.39,2018-11-27T09:54:55Z
9797480,Southern Comfort,Jewelery,3,£86.71,2018-11-27T09:42:44Z
9623057,Cheese - Grie Des Champ,Kids,3,£87.50,2018-11-27T21:20:30Z
0148026,Sprouts Dikon,Books,1,£28.94,2018-11-27T01:10:49Z
3117396,Orange - Blood,Baby,9,£79.39,2018-11-27T06:00:11Z
1690930,Sponge Cake Mix - Vanilla,Computers,4,£7.32,2018-11-27T22:23:26Z
1357221,Plastic Wrap,Grocery,6,£92.45,2018-11-27T11:22:50Z
7510126,"Rum - White, Gg White",Home,10,£68.41,2018-11-27T05:15:09Z
4511401,"Tomatoes - Vine Ripe, Red",Kids,6,£66.09,2018-11-27T10:35:47Z
0253410,Ginger - Pickled,Automotive,8,£0.34,2018-11-27T08:32:05Z
1829541,Beef - Salted,Automotive,9,£26.97,2018-11-27T00:24:47Z
7934456,Bread - Corn Muffaletta,Outdoors,7,£82.50,2018-11-27T11:37:15Z
6091257,Cheese - Augre Des Champs,Movies,7,£45.73,2018-11-27T18:34:08Z
1483537,"Tart Shells - Barquettes, Savory",Jewelery,1,£24.71,2018-11-27T02:21:37Z
9518335,Turnip - Mini,Jewelery,2,£5.14,2018-11-27T23:11:12Z
6164977,Tomato - Plum With Basil,Games,10,£21.04,2018-11-27T19:53:23Z
0502881,Chives - Fresh,Sports,7,£44.44,2018-11-27T05:02:13Z
9551083,Energy Drink Bawls,Movies,10,£34.39,2018-11-27T08:04:15Z
2412360,Cups 10oz Trans,Shoes,2,£20.69,2018-11-27T02:14:37Z
9074068,"Pork - Back, Short Cut, Boneless",Industrial,5,£75.06,2018-11-27T12:12:02Z
9236367,Chicken Breast Halal,Industrial,2,£24.18,2018-11-27T03:58:43Z
3103694,Gelatine Powder,Shoes,7,£51.86,2018-11-27T05:43:02Z
4808741,Flower - Daisies,Books,2,£63.35,2018-11-27T03:49:01Z
5863347,"Thyme - Lemon, Fresh",Books,10,£52.33,2018-11-27T20:27:49Z
8537696,Mix Pina Colada,Toys,7,£24.34,2018-11-27T06:32:10Z
7163524,Hold Up Tool Storage Rack,Garden,7,£28.61,2018-11-27T20:19:44Z
8086462,"Pineapple - Canned, Rings",Garden,6,£18.13,2018-11-27T00:24:45Z
0048582,Soup Campbells - Tomato Bisque,Music,10,£18.65,2018-11-27T14:14:32Z
2784789,Pie Filling - Cherry,Home,8,£75.86,2018-11-27T06:11:27Z
4628877,Bread - Hot Dog Buns,Garden,2,£73.20,2018-11-27T04:13:42Z
8527248,Soup - Cream Of Potato / Leek,Shoes,6,£38.39,2018-11-27T02:10:08Z
7062481,Wiberg Cure,Electronics,5,£51.03,2018-11-27T12:55:20Z
1217975,Onions Granulated,Tools,10,£1.65,2018-11-27T04:28:06Z
4676815,Oil - Sesame,Garden,9,£60.08,2018-11-27T23:05:08Z
4682769,Flour - Fast / Rapid,Industrial,4,£89.53,2018-11-27T05:28:25Z
5172985,Bread - Frozen Basket Variety,Toys,8,£61.26,2018-11-27T08:20:03Z
9116010,Squash - Sunburst,Industrial,4,£97.83,2018-11-27T12:00:29Z
8975011,Food Colouring - Blue,Tools,2,£89.29,2018-11-27T20:48:00Z
7164886,Strawberries,Grocery,5,£79.07,2018-11-27T19:31:14Z
6600950,Pate - Liver,Outdoors,7,£39.92,2018-11-27T00:40:24Z
4850479,Wasabi Powder,Jewelery,4,£5.41,2018-11-27T11:30:38Z
1209111,Wine - Baron De Rothschild,Automotive,1,£26.34,2018-11-27T01:09:05Z
5189011,Garlic - Peeled,Beauty,10,£31.50,2018-11-27T20:57:03Z
2788987,Extract - Rum,Books,8,£44.69,2018-11-27T15:19:43Z
9970069,Fish - Bones,Electronics,4,£40.66,2018-11-27T13:55:37Z
4385014,Bag Clear 10 Lb,Tools,5,£56.07,2018-11-27T17:54:01Z
1093326,Halibut - Steaks,Books,5,£3.70,2018-11-27T00:57:11Z
1743036,Wine - Valpolicella Masi,Home,3,£36.61,2018-11-27T12:21:54Z
6126897,Cookies - Assorted,Games,1,£13.97,2018-11-27T04:27:31Z
4004574,Soup - Campbells,Shoes,7,£50.24,2018-11-27T09:12:57Z
7829432,"Gingerale - Schweppes, 355 Ml",Industrial,5,£58.66,2018-11-27T16:59:33Z
7404468,Vinegar - Cider,Baby,4,£95.51,2018-11-27T03:55:29Z
8000115,"Pasta - Penne, Lisce, Dry",Garden,5,£53.30,2018-11-27T14:03:10Z
5337632,Wine - Chateau Bonnet,Beauty,2,£72.83,2018-11-27T14:21:18Z
1026451,Vinegar - Balsamic,Kids,10,£51.28,2018-11-27T08:05:10Z
8900447,Napkin White,Tools,1,£87.39,2018-11-27T00:01:07Z
5573650,Galliano,Music,2,£64.51,2018-11-27T01:48:14Z
5689042,Sprite - 355 Ml,Clothing,5,£73.78,2018-11-27T17:51:45Z
0919050,Carbonated Water - Peach,Tools,5,£81.11,2018-11-27T20:24:25Z
7132704,Tomatoes - Grape,Tools,10,£85.88,2018-11-27T08:42:22Z
3146907,Cleaner - Pine Sol,Garden,2,£55.08,2018-11-27T11:14:55Z
9138670,Spaghetti Squash,Industrial,5,£59.02,2018-11-27T20:31:17Z
9117237,"Napkin - Beverge, White 2 - Ply",Computers,3,£89.26,2018-11-27T15:00:51Z
3925768,Salmon - Fillets,Industrial,10,£2.20,2018-11-27T08:33:57Z
1330457,Tomato - Plum With Basil,Shoes,10,£57.48,2018-11-27T17:49:14Z
1174537,Calvados - Boulard,Computers,7,£36.18,2018-11-27T16:41:53Z
5181680,Chives - Fresh,Automotive,7,£63.44,2018-11-27T21:03:54Z
0185056,Duck - Fat,Jewelery,3,£41.89,2018-11-27T10:18:05Z
0379759,Cabbage - Nappa,Grocery,6,£20.39,2018-11-27T11:31:41Z
8374819,Butter Balls Salted,Toys,2,£43.15,2018-11-27T23:51:57Z
7212556,Pepper - Red Thai,Baby,1,£27.58,2018-11-27T19:29:00Z
3375362,"Red Snapper - Fresh, Whole",Shoes,1,£82.87,2018-11-27T23:17:59Z
8932715,Mace Ground,Beauty,8,£69.07,2018-11-27T15:46:07Z
9596367,"Pasta - Fettuccine, Egg, Fresh",Home,5,£52.20,2018-11-27T21:20:29Z
4318330,Thyme - Dried,Toys,4,£34.68,2018-11-27T21:32:33Z
6231649,Water - Tonic,Home,4,£2.82,2018-11-27T20:38:51Z
2198981,Pheasants - Whole,Books,10,£21.37,2018-11-27T03:24:08Z
3606082,Raspberries - Fresh,Outdoors,5,£5.14,2018-11-27T05:06:31Z
3101151,Black Currants,Toys,5,£44.62,2018-11-27T21:34:28Z
1341292,Coffee Guatemala Dark,Toys,9,£99.56,2018-11-27T16:13:31Z
8195541,Oregano - Fresh,Clothing,6,£1.20,2018-11-27T15:25:02Z
6408178,"Nut - Walnut, Chopped",Toys,8,£93.48,2018-11-27T13:15:20Z
2087148,Cheese Cheddar Processed,Jewelery,8,£70.42,2018-11-27T16:25:41Z
1871637,Pastry - Carrot Muffin - Mini,Health,5,£2.83,2018-11-27T17:38:00Z
8874405,Ice Cream Bar - Oreo Cone,Automotive,5,£3.33,2018-11-27T17:37:31Z
9251256,Wine - Remy Pannier Rose,Movies,1,£53.69,2018-11-27T20:07:16Z
0240271,Jicama,Home,4,£13.49,2018-11-27T02:10:46Z
0246037,Muffin Batt - Ban Dream Zero,Games,5,£66.18,2018-11-27T07:49:53Z
1122407,Bouillion - Fish,Automotive,1,£93.03,2018-11-27T13:49:05Z
3793716,Pepper - Yellow Bell,Electronics,5,£13.26,2018-11-27T18:49:55Z
1094093,"Club Soda - Schweppes, 355 Ml",Sports,2,£88.35,2018-11-27T11:08:01Z
8797743,Island Oasis - Sweet And Sour Mix,Kids,3,£60.77,2018-11-27T03:03:36Z
8211160,Chocolate Bar - Reese Pieces,Electronics,10,£81.00,2018-11-27T04:53:00Z
0451674,True - Vue Containers,Automotive,6,£53.30,2018-11-27T12:14:01Z
8538915,Cake - Mini Potato Pancake,Garden,1,£86.85,2018-11-27T07:29:53Z
7459318,"Pepper - Paprika, Spanish",Sports,1,£75.22,2018-11-27T06:08:44Z
0719717,Bread Base - Italian,Beauty,8,£94.35,2018-11-27T01:06:54Z
3202646,"Champagne - Brights, Dry",Jewelery,8,£7.57,2018-11-27T06:21:49Z
7285511,"Chocolate - Semi Sweet, Calets",Jewelery,1,£46.51,2018-11-27T17:25:20Z
4434958,Sauce - Alfredo,Sports,2,£93.43,2018-11-27T10:30:29Z
7288349,Sugar Thermometer,Movies,6,£90.52,2018-11-27T17:18:48Z
7637072,Island Oasis - Pina Colada,Kids,3,£64.12,2018-11-27T23:40:18Z
4228043,Wine - Spumante Bambino White,Electronics,8,£22.49,2018-11-27T01:23:30Z
2222492,Sauce - Fish 25 Ozf Bottle,Baby,3,£83.75,2018-11-27T13:27:10Z
3085232,Sugar - White Packet,Outdoors,2,£93.34,2018-11-27T13:24:02Z
4660096,Mahi Mahi,Toys,4,£2.49,2018-11-27T17:04:14Z
9880674,Danishes - Mini Raspberry,Computers,6,£90.70,2018-11-27T23:05:00Z
4233066,Beer - Maudite,Computers,1,£17.21,2018-11-27T14:13:17Z
0897471,"Wine - White, French Cross",Games,1,£70.18,2018-11-27T23:18:15Z
6597384,Beef Wellington,Clothing,8,£59.43,2018-11-27T03:16:42Z
7243961,"Peas - Pigeon, Dry",Clothing,7,£82.57,2018-11-27T22:19:47Z
5691661,Coffee - Decafenated,Grocery,6,£0.95,2018-11-27T14:14:34Z
8470363,Muffin Mix - Morning Glory,Music,4,£17.46,2018-11-27T06:33:25Z
8420110,Sauce - Ranch Dressing,Health,7,£13.23,2018-11-27T23:06:27Z
1761388,"Apple - Delicious, Red",Electronics,5,£8.38,2018-11-27T05:25:09Z
4671754,Chocolate - Chips Compound,Toys,5,£72.05,2018-11-27T14:05:21Z
4405349,Tuna - Loin,Health,8,£37.81,2018-11-27T23:26:45Z
4322911,Wine - Pinot Grigio Collavini,Tools,3,£84.53,2018-11-27T21:50:28Z
8856480,Tomatoes - Orange,Clothing,1,£21.32,2018-11-27T16:54:39Z
9579941,Wine - Conde De Valdemar,Beauty,6,£47.61,2018-11-27T20:12:47Z
7089680,"Nut - Almond, Blanched, Whole",Toys,8,£32.96,2018-11-27T22:06:16Z
0929085,Wine - Shiraz Wolf Blass Premium,Baby,5,£63.41,2018-11-27T16:01:03Z
0450082,Energy Drink Bawls,Computers,2,£39.75,2018-11-27T14:16:05Z
6680701,Mushroom - White Button,Music,1,£2.75,2018-11-27T20:27:54Z
7257714,Blueberries,Jewelery,1,£0.14,2018-11-27T11:09:06Z
0591580,Wine - Malbec Trapiche Reserve,Electronics,2,£26.67,2018-11-27T09:36:13Z
4303315,Beans - Yellow,Outdoors,6,£17.11,2018-11-27T22:43:13Z
4165682,Longos - Chicken Caeser Salad,Baby,8,£48.98,2018-11-27T01:11:49Z
2274769,"Trout - Rainbow, Fresh",Toys,4,£4.67,2018-11-27T11:26:41Z
3793721,Ketchup - Tomato,Tools,4,£78.76,2018-11-27T10:05:20Z
2184122,Ecolab - Ster Bac,Grocery,7,£43.51,2018-11-27T14:02:10Z
3176716,Vinegar - Raspberry,Baby,5,£7.39,2018-11-27T16:58:38Z
3852656,Cilantro / Coriander - Fresh,Books,4,£12.12,2018-11-27T18:41:40Z
1870669,Table Cloth 120 Round White,Jewelery,5,£1.92,2018-11-27T13:47:12Z
5099227,Soap - Mr.clean Floor Soap,Health,10,£40.31,2018-11-27T17:36:49Z
2938809,Soup - Campbells Chili Veg,Movies,9,£16.82,2018-11-27T04:06:21Z
5942847,Shrimp - Black Tiger 13/15,Grocery,6,£56.72,2018-11-27T14:40:41Z
0176888,Truffle Cups - Brown,Industrial,9,£55.08,2018-11-27T11:55:28Z
6303591,"Cheese - Havarti, Roasted Garlic",Outdoors,4,£38.88,2018-11-27T03:35:10Z
4614721,"Capon - Breast, Wing On",Books,1,£92.09,2018-11-27T18:34:45Z
3294398,"Pasta - Gnocchi, Potato",Automotive,1,£14.02,2018-11-27T09:56:52Z
3246233,Arctic Char - Fillets,Jewelery,7,£18.15,2018-11-27T06:55:28Z
0452699,"Ham - Smoked, Bone - In",Music,1,£14.09,2018-11-27T18:23:14Z
2188436,Onions - Cooking,Health,9,£16.28,2018-11-27T21:46:42Z
5556979,Pasta - Canelloni,Toys,6,£72.97,2018-11-27T19:17:45Z
1230575,Longos - Burritos,Computers,9,£51.99,2018-11-27T07:47:08Z
5558257,Cake - Mini Cheesecake,Tools,8,£51.93,2018-11-27T20:01:23Z
8841616,Hog / Sausage Casing - Pork,Baby,6,£92.50,2018-11-27T15:43:18Z
6684244,"Tomatoes - Vine Ripe, Yellow",Grocery,8,£11.11,2018-11-27T05:05:23Z
1794500,Sauce - Balsamic Viniagrette,Electronics,7,£51.13,2018-11-27T23:27:27Z
6057637,Wine - Barossa Valley Estate,Clothing,8,£76.98,2018-11-27T12:58:28Z
5977545,Cream Of Tartar,Tools,10,£97.46,2018-11-27T03:17:37Z
6542545,Longos - Greek Salad,Sports,10,£60.93,2018-11-27T08:24:36Z
7668559,"C - Plus, Orange",Baby,6,£12.90,2018-11-27T15:59:48Z
8139913,Langers - Mango Nectar,Outdoors,1,£51.25,2018-11-27T16:55:16Z
4136413,Seedlings - Clamshell,Industrial,3,£79.09,2018-11-27T04:40:27Z
1362832,Extract Vanilla Pure,Baby,1,£12.62,2018-11-27T17:46:28Z
5625484,Ecolab - Medallion,Beauty,3,£44.31,2018-11-27T02:53:07Z
8061577,Spice - Pepper Portions,Home,2,£29.12,2018-11-27T22:21:49Z
1833175,Cheese - St. Andre,Movies,7,£51.72,2018-11-27T23:36:35Z
2960349,"Wine - White, Riesling, Semi - Dry",Movies,10,£95.63,2018-11-27T15:44:25Z
0636118,Propel Sport Drink,Grocery,5,£84.13,2018-11-27T04:05:20Z
5050894,Cheese Cloth No 60,Baby,4,£17.70,2018-11-27T08:39:00Z
2580398,Wine - Lamancha Do Crianza,Music,1,£83.09,2018-11-27T09:13:44Z
1528083,Eel - Smoked,Electronics,6,£83.05,2018-11-27T04:59:08Z
4327355,Yams,Home,4,£41.56,2018-11-27T00:24:05Z
7437633,Muffin - Zero Transfat,Beauty,2,£85.72,2018-11-27T10:45:52Z
9040577,Bagelers - Cinn / Brown,Beauty,9,£21.66,2018-11-27T04:38:37Z
6586277,Puree - Blackcurrant,Games,3,£59.82,2018-11-27T03:52:03Z
4416058,Fennel,Books,8,£83.86,2018-11-27T16:05:49Z
4366246,"Coconut - Creamed, Pure",Tools,5,£85.91,2018-11-27T09:42:57Z
0677131,Pepper - Orange,Books,10,£8.18,2018-11-27T21:20:33Z
5857119,Tart - Pecan Butter Squares,Automotive,6,£82.49,2018-11-27T21:05:27Z
6157227,Tea - Honey Green Tea,Movies,4,£24.20,2018-11-27T15:22:23Z
7536885,"Olives - Black, Pitted",Grocery,5,£1.22,2018-11-27T01:14:32Z
0765107,Beef - Top Sirloin - Aaa,Beauty,9,£22.73,2018-11-27T15:15:20Z
1965148,Alize Sunset,Books,7,£75.56,2018-11-27T02:32:15Z
7385683,Noodles - Steamed Chow Mein,Home,10,£13.89,2018-11-27T21:46:50Z
5130610,Butter Balls Salted,Sports,10,£42.80,2018-11-27T20:44:53Z
4756920,Bar - Sweet And Salty Chocolate,Movies,4,£50.43,2018-11-27T12:53:19Z
4154960,Godiva White Chocolate,Kids,10,£63.99,2018-11-27T18:32:05Z
3404951,Wine - Baron De Rothschild,Tools,7,£47.60,2018-11-27T11:25:14Z
3465039,Chicken Giblets,Clothing,9,£0.73,2018-11-27T04:53:53Z
9473349,Vinegar - Cider,Clothing,7,£30.33,2018-11-27T02:47:28Z
2616559,Apples - Sliced / Wedge,Books,10,£70.11,2018-11-27T07:50:18Z
8836476,Wine - Ice Wine,Beauty,3,£80.92,2018-11-27T04:02:42Z
2065937,"Mushroom - Morels, Dry",Jewelery,5,£49.63,2018-11-27T02:11:03Z
0104443,"Plate - Foam, Bread And Butter",Beauty,3,£65.60,2018-11-27T21:48:07Z
2742376,Crackers Cheez It,Shoes,9,£92.13,2018-11-27T09:36:54Z
3566902,Muffin Orange Individual,Electronics,10,£11.10,2018-11-27T15:47:03Z
0111951,Puree - Blackcurrant,Health,3,£43.70,2018-11-27T12:01:47Z
0146949,Juice - Apple Cider,Toys,3,£35.62,2018-11-27T16:40:49Z
8202957,Chips - Miss Vickies,Garden,2,£0.21,2018-11-27T18:59:53Z
6901953,Nougat - Paste / Cream,Automotive,1,£12.72,2018-11-27T08:07:53Z
8332616,Gatorade - Xfactor Berry,Sports,1,£16.99,2018-11-27T15:46:18Z
9911678,Fudge - Cream Fudge,Electronics,8,£41.91,2018-11-27T05:34:00Z
4739713,Pepper - Chili Powder,Tools,2,£72.68,2018-11-27T14:11:08Z
0924112,Lobster - Cooked,Beauty,1,£0.89,2018-11-27T04:49:33Z
3080225,The Pop Shoppe Pinapple,Computers,10,£41.04,2018-11-27T14:13:50Z
0998457,Bay Leaf,Computers,10,£86.94,2018-11-27T18:41:03Z
8911649,Whmis - Spray Bottle Trigger,Jewelery,5,£75.50,2018-11-27T03:44:24Z
4792092,Cleaner - Lime Away,Games,8,£28.50,2018-11-27T03:30:34Z
1298332,"Tart Shells - Barquettes, Savory",Computers,2,£9.59,2018-11-27T12:31:23Z
6537262,Mackerel Whole Fresh,Jewelery,10,£11.07,2018-11-27T19:47:10Z
2660512,Potatoes - Fingerling 4 Oz,Games,10,£46.85,2018-11-27T07:24:00Z
7101451,Wine - Rosso Toscano Igt,Games,7,£19.31,2018-11-27T02:16:52Z
5281727,Brandy Cherry - Mcguinness,Movies,1,£47.10,2018-11-27T21:23:01Z
0205546,Bread Foccacia Whole,Kids,5,£88.90,2018-11-27T06:29:54Z
6724601,Nescafe - Frothy French Vanilla,Health,2,£85.43,2018-11-27T15:55:53Z
0471943,Pastry - Choclate Baked,Kids,6,£18.01,2018-11-27T00:26:15Z
1951128,Cheese - Le Cru Du Clocher,Shoes,1,£94.72,2018-11-27T16:48:56Z
5428656,Squid - U 5,Computers,2,£56.90,2018-11-27T09:44:41Z
2254663,Lettuce - Iceberg,Sports,5,£76.79,2018-11-27T01:36:48Z
6327267,Flour - Fast / Rapid,Kids,9,£1.89,2018-11-27T14:59:27Z
9859900,"Onions - Dried, Chopped",Games,8,£79.30,2018-11-27T22:46:34Z
9140762,"Water - Mineral, Natural",Jewelery,5,£72.20,2018-11-27T08:29:36Z
6815214,Pepsi - 600ml,Games,2,£93.19,2018-11-27T04:30:13Z
8654538,"Jam - Raspberry,jar",Home,3,£28.73,2018-11-27T07:03:59Z
1706986,Wine - Magnotta - Bel Paese White,Garden,6,£75.26,2018-11-27T21:46:14Z
6709171,Compound - Strawberry,Beauty,2,£12.97,2018-11-27T03:08:19Z
0508152,Wine - George Duboeuf Rose,Grocery,4,£51.88,2018-11-27T14:19:34Z
0601664,Island Oasis - Peach Daiquiri,Jewelery,3,£69.82,2018-11-27T02:37:20Z
7055995,Appetizer - Crab And Brie,Electronics,6,£62.80,2018-11-27T18:31:35Z
6284090,Clam - Cherrystone,Music,1,£28.06,2018-11-27T05:59:46Z
6058130,Cheese Cloth No 60,Industrial,8,£61.87,2018-11-27T15:18:20Z
7109623,"Lentils - Green, Dry",Computers,7,£97.69,2018-11-27T07:17:12Z
3875849,Snails - Large Canned,Industrial,1,£6.92,2018-11-27T20:16:37Z
7189607,Cranberry Foccacia,Music,9,£33.89,2018-11-27T00:48:39Z
7144498,Sobe - Tropical Energy,Books,8,£58.21,2018-11-27T11:42:50Z
6987207,"Wine - Red, Metus Rose",Beauty,5,£85.03,2018-11-27T23:15:43Z
5991428,Tea - Green,Movies,7,£32.37,2018-11-27T00:30:35Z
4302396,True - Vue Containers,Shoes,4,£12.67,2018-11-27T13:49:54Z
8304312,Pastry - Baked Cinnamon Stick,Industrial,4,£54.48,2018-11-27T02:02:25Z
2541118,Hot Chocolate - Individual,Music,3,£97.61,2018-11-27T00:36:22Z
4603675,Wine - German Riesling,Sports,7,£16.51,2018-11-27T13:29:43Z
2835306,Wiberg Super Cure,Automotive,10,£50.76,2018-11-27T03:31:39Z
3489179,Wine - Rosso Toscano Igt,Music,8,£98.02,2018-11-27T12:13:43Z
8583810,Bread - Multigrain Oval,Health,8,£98.68,2018-11-27T13:57:57Z
9556911,Apricots Fresh,Electronics,10,£34.21,2018-11-27T16:49:08Z
5200475,Bread - Granary Small Pull,Games,2,£16.33,2018-11-27T01:13:30Z
0999799,Blouse / Shirt / Sweater,Industrial,10,£92.42,2018-11-27T20:48:30Z
8226216,"Cake Circle, Paprus",Industrial,9,£90.09,2018-11-27T06:32:45Z
2846669,Oil - Olive,Games,1,£31.27,2018-11-27T18:52:18Z
1236467,Bagelers,Toys,7,£93.47,2018-11-27T19:33:18Z
4224729,Lobster - Canned Premium,Games,3,£55.56,2018-11-27T11:42:18Z
2844494,Steampan Lid,Industrial,7,£81.54,2018-11-27T04:43:26Z
9639496,Pork - Ham Hocks - Smoked,Movies,7,£32.95,2018-11-27T03:55:00Z
5260392,Ocean Spray - Kiwi Strawberry,Sports,4,£68.31,2018-11-27T23:09:44Z
7693197,Pastry - Plain Baked Croissant,Sports,10,£30.46,2018-11-27T12:12:35Z
9260756,Onions - Cooking,Movies,10,£15.78,2018-11-27T19:05:40Z
9245379,Spinach - Baby,Beauty,6,£4.43,2018-11-27T03:14:24Z
7286010,Onions Granulated,Movies,5,£66.58,2018-11-27T15:05:43Z
0594325,Carbonated Water - Cherry,Grocery,3,£65.11,2018-11-27T09:35:56Z
8285108,Flour Dark Rye,Grocery,4,£68.37,2018-11-27T18:03:43Z
5342757,Almonds Ground Blanched,Clothing,2,£61.57,2018-11-27T05:45:07Z
8746590,"Quail - Whole, Boneless",Tools,3,£77.24,2018-11-27T21:00:14Z
3000913,"Spoon - Soup, Plastic",Sports,6,£87.45,2018-11-27T01:29:34Z
7855530,Cream - 10%,Toys,8,£38.08,2018-11-27T06:04:59Z
7680683,Cotton Wet Mop 16 Oz,Shoes,5,£54.05,2018-11-27T23:08:08Z
3263599,Bread - Granary Small Pull,Games,6,£79.56,2018-11-27T09:50:08Z
1226993,Gatorade - Lemon Lime,Toys,8,£58.90,2018-11-27T22:08:38Z
0797852,"Artichoke - Hearts, Canned",Home,7,£45.39,2018-11-27T12:05:19Z
4432221,Pepper - Green Thai,Industrial,8,£87.55,2018-11-27T14:56:01Z
0070216,Shark - Loin,Music,6,£55.66,2018-11-27T07:47:11Z
7014309,Pate Pans Yellow,Kids,3,£70.33,2018-11-27T11:43:23Z
5295788,"Beef - Tongue, Fresh",Electronics,2,£6.20,2018-11-27T09:09:54Z
2411790,Durian Fruit,Games,4,£36.16,2018-11-27T03:41:13Z
7955012,Beef - Striploin,Health,3,£1.90,2018-11-27T19:58:29Z
8911428,Yoplait Drink,Books,3,£9.35,2018-11-27T00:58:54Z
4655025,Papadam,Books,4,£77.23,2018-11-27T20:19:48Z
9103718,Island Oasis - Mango Daiquiri,Outdoors,3,£73.35,2018-11-27T01:22:56Z
1387292,Mints - Striped Red,Games,9,£41.76,2018-11-27T05:12:27Z
4182593,Salt And Pepper Mix - Black,Grocery,9,£41.71,2018-11-27T03:31:18Z
1210733,"Sauce - Bernaise, Mix",Garden,2,£64.34,2018-11-27T08:41:54Z
4761498,Steampan - Half Size Shallow,Toys,6,£70.48,2018-11-27T12:35:33Z
0400005,Higashimaru Usukuchi Soy,Grocery,9,£35.39,2018-11-27T23:37:24Z
9531978,Lettuce - California Mix,Computers,2,£22.37,2018-11-27T20:00:55Z
2728441,V8 - Tropical Blend,Toys,10,£16.41,2018-11-27T07:26:58Z
7838996,Pate - Peppercorn,Games,8,£79.37,2018-11-27T04:56:59Z
3716791,Wine - Balbach Riverside,Shoes,1,£27.92,2018-11-27T18:09:35Z
6717266,Wine - Piper Heidsieck Brut,Electronics,3,£53.99,2018-11-27T20:03:58Z
3768336,Fish - Bones,Games,2,£76.08,2018-11-27T09:26:17Z
4408516,Beer - Upper Canada Light,Music,8,£48.29,2018-11-27T09:56:34Z
5198291,Apron,Automotive,2,£88.58,2018-11-27T01:55:56Z
5536725,Spinach - Packaged,Beauty,5,£2.27,2018-11-27T18:36:35Z
1648103,Boogies,Jewelery,2,£16.14,2018-11-27T01:44:28Z
9008298,Rabbit - Legs,Automotive,3,£39.76,2018-11-27T09:15:39Z
1265680,Parsley - Dried,Home,4,£38.06,2018-11-27T20:12:54Z
6191820,Vaccum Bag - 14x20,Kids,1,£15.99,2018-11-27T10:52:12Z
1547221,"Wine - White, Ej Gallo",Automotive,8,£38.22,2018-11-27T01:45:03Z
8423950,"Mushroom - Porcini, Dry",Home,8,£70.34,2018-11-27T15:50:50Z
8038735,Marjoram - Fresh,Sports,7,£35.09,2018-11-27T09:00:36Z
5165128,"Spoon - Soup, Plastic",Tools,1,£3.97,2018-11-27T04:39:45Z
8671778,"Clams - Littleneck, Whole",Books,6,£75.43,2018-11-27T11:18:31Z
2383172,Longos - Penne With Pesto,Industrial,9,£27.13,2018-11-27T21:48:55Z
1890530,Pepper - Scotch Bonnet,Baby,4,£85.46,2018-11-27T12:45:48Z
7989404,Bread - Focaccia Quarter,Grocery,10,£11.13,2018-11-27T15:53:28Z
9652594,Pepper - Gypsy Pepper,Baby,6,£49.37,2018-11-27T03:48:39Z
1619344,"Syrup - Monin, Irish Cream",Outdoors,9,£8.13,2018-11-27T02:01:42Z
6350950,"Lobster - Tail, 3 - 4 Oz",Jewelery,10,£51.17,2018-11-27T21:40:05Z
5725700,Muffin Hinge Container 6,Toys,9,£98.31,2018-11-27T22:45:53Z
2707803,Extract - Raspberry,Tools,9,£32.50,2018-11-27T17:35:27Z
2775900,Tea Leaves - Oolong,Music,10,£53.41,2018-11-27T20:11:19Z
9294796,Soup - Campbells Broccoli,Movies,7,£20.90,2018-11-27T02:21:46Z
0814539,Tuna - Loin,Movies,7,£95.19,2018-11-27T04:11:56Z
0638761,Sauce - Rosee,Beauty,4,£50.60,2018-11-27T11:19:32Z
2844900,"Beans - Long, Chinese",Industrial,2,£83.26,2018-11-27T19:05:28Z
8795387,Wooden Mop Handle,Computers,8,£87.64,2018-11-27T06:05:33Z
8430698,Shrimp - Black Tiger 16/20,Movies,9,£95.05,2018-11-27T15:59:23Z
9364322,"Soup - Knorr, Ministrone",Electronics,10,£20.94,2018-11-27T16:35:03Z
6758689,Nantucket Pine Orangebanana,Home,1,£81.27,2018-11-27T23:38:36Z
7326096,Artichokes - Jerusalem,Garden,1,£70.39,2018-11-27T05:18:08Z
5521536,Veal - Knuckle,Industrial,3,£71.23,2018-11-27T12:59:52Z
9223017,"Wine - Magnotta - Red, Baco",Health,3,£84.83,2018-11-27T08:38:39Z
0830118,Mortadella,Computers,10,£17.59,2018-11-27T15:45:56Z
2258870,Lamb - Loin Chops,Movies,6,£2.21,2018-11-27T02:10:39Z
7793880,Mudslide,Sports,1,£96.79,2018-11-27T03:44:59Z
8616447,"Jam - Strawberry, 20 Ml Jar",Beauty,3,£34.42,2018-11-27T01:37:29Z
6616655,Pepper - Chilli Seeds Mild,Clothing,10,£58.66,2018-11-27T03:45:26Z
7850943,"Veal - Chops, Split, Frenched",Beauty,7,£10.49,2018-11-27T11:10:26Z
3749691,Pepper - Pablano,Tools,9,£74.17,2018-11-27T01:23:11Z
8187249,Wine - Acient Coast Caberne,Clothing,5,£15.16,2018-11-27T02:25:00Z
6778387,Muffin - Banana Nut Individual,Grocery,8,£94.35,2018-11-27T17:05:03Z
3489038,"Mushroom - Oyster, Fresh",Electronics,2,£48.25,2018-11-27T00:12:34Z
4388195,Trueblue - Blueberry,Tools,5,£88.87,2018-11-27T15:54:47Z
9690811,"Pork - Loin, Bone - In",Jewelery,3,£5.96,2018-11-27T12:43:36Z
1303976,"Marsala - Sperone, Fine, D.o.c.",Sports,10,£97.68,2018-11-27T07:32:39Z
6863341,Hipnotiq Liquor,Movies,6,£20.47,2018-11-27T09:24:26Z
5956357,"Leeks - Baby, White",Sports,9,£36.82,2018-11-27T07:34:00Z
0103530,Barramundi,Toys,4,£11.91,2018-11-27T20:16:52Z
6299550,Beef - Short Ribs,Toys,4,£9.18,2018-11-27T00:53:23Z
0321073,Mussels - Frozen,Garden,2,£49.51,2018-11-27T16:59:19Z
4033900,"Orange - Canned, Mandarin",Sports,4,£40.13,2018-11-27T01:34:36Z
5395681,Chocolate - Mi - Amere Semi,Music,4,£96.17,2018-11-27T20:19:44Z
9855449,Devonshire Cream,Shoes,1,£36.90,2018-11-27T09:19:52Z
7222540,Milk - Skim,Electronics,9,£68.27,2018-11-27T20:55:26Z
4886299,V8 - Tropical Blend,Grocery,1,£58.07,2018-11-27T15:30:46Z
7538821,"Wine - Magnotta, Merlot Sr Vqa",Health,7,£61.98,2018-11-27T07:23:29Z
0445651,Soup - Campbells Beef Noodle,Books,2,£78.95,2018-11-27T17:38:32Z
7571374,Veal Inside - Provimi,Grocery,7,£18.92,2018-11-27T16:41:28Z
6510489,Cinnamon Buns Sticky,Automotive,10,£49.76,2018-11-27T13:38:41Z
9818744,Lobster - Live,Baby,10,£52.55,2018-11-27T23:56:47Z
3249583,Pie Filling - Apple,Garden,3,£40.43,2018-11-27T01:26:37Z
0201772,"Bread - Pullman, Sliced",Music,3,£45.88,2018-11-27T01:37:47Z
7442871,Towels - Paper / Kraft,Music,5,£26.97,2018-11-27T02:35:33Z
9392050,Chicken Breast Wing On,Books,3,£83.12,2018-11-27T09:06:29Z
7957579,Filo Dough,Clothing,1,£69.87,2018-11-27T11:36:55Z
2118478,Cookies - Assorted,Movies,2,£71.36,2018-11-27T22:41:50Z
9318444,Soup - Cream Of Broccoli,Tools,2,£50.44,2018-11-27T05:03:43Z
8575279,"Veal - Tenderloin, Untrimmed",Jewelery,5,£10.61,2018-11-27T15:34:38Z
3262778,Wine - Carmenere Casillero Del,Beauty,3,£89.79,2018-11-27T16:40:43Z
3936835,Bar Special K,Books,7,£59.38,2018-11-27T01:54:17Z
8538794,Compound - Mocha,Automotive,3,£66.30,2018-11-27T10:28:59Z
0798670,Beer - True North Strong Ale,Home,9,£33.62,2018-11-27T19:56:26Z
4583636,"Beer - Alexander Kieths, Pale Ale",Jewelery,1,£71.61,2018-11-27T04:55:06Z
7407477,"Bread - Pullman, Sliced",Movies,1,£67.42,2018-11-27T15:41:16Z
2357349,Salmon Atl.whole 8 - 10 Lb,Kids,4,£83.17,2018-11-27T07:36:23Z
1257365,Muffin Batt - Ban Dream Zero,Jewelery,8,£32.60,2018-11-27T17:57:53Z
8245740,Shrimp - 150 - 250,Industrial,5,£40.16,2018-11-27T06:38:01Z
0893332,Grapefruit - White,Beauty,4,£71.80,2018-11-27T18:44:04Z
9751436,Pepper - Gypsy Pepper,Clothing,8,£62.15,2018-11-27T03:42:29Z
9636070,Calypso - Black Cherry Lemonade,Garden,8,£62.57,2018-11-27T13:39:31Z
1364587,Wine - Zinfandel California 2002,Industrial,6,£41.10,2018-11-27T01:50:24Z
0720737,Wine - Beaujolais Villages,Industrial,10,£53.11,2018-11-27T17:54:18Z
8591735,Sage - Ground,Home,5,£18.30,2018-11-27T08:15:42Z
0349036,Mousse - Mango,Shoes,3,£3.03,2018-11-27T19:05:45Z
9824235,Bread - Olive Dinner Roll,Toys,5,£9.66,2018-11-27T22:15:00Z
3568589,Tea - Decaf Lipton,Kids,1,£95.91,2018-11-27T11:24:05Z
2771664,Pepper - Chili Powder,Baby,2,£43.99,2018-11-27T22:48:36Z
7232542,Wine - Port Late Bottled Vintage,Books,5,£71.59,2018-11-27T00:39:59Z
9183576,Pie Shells 10,Games,10,£8.91,2018-11-27T11:58:53Z
2576098,Almonds Ground Blanched,Electronics,2,£2.95,2018-11-27T13:33:41Z
8739388,Cake - Box Window 10x10x2.5,Kids,6,£33.09,2018-11-27T22:26:28Z
5731546,Juice - Lemon,Computers,9,£81.67,2018-11-27T14:28:47Z
3291517,Wine - Mondavi Coastal Private,Jewelery,1,£29.61,2018-11-27T00:57:06Z
7268072,"Doilies - 10, Paper",Movies,4,£99.80,2018-11-27T03:21:26Z
6450133,Lime Cordial - Roses,Jewelery,6,£7.73,2018-11-27T04:54:01Z
0151850,Beef Wellington,Computers,4,£22.24,2018-11-27T01:29:08Z
8924569,Truffle Shells - Semi - Sweet,Baby,10,£32.56,2018-11-27T20:05:34Z
8770143,Pork - European Side Bacon,Games,10,£20.32,2018-11-27T01:04:02Z
6343173,Truffle - Peelings,Home,9,£63.95,2018-11-27T11:56:20Z
3816353,Cream - 18%,Grocery,7,£71.37,2018-11-27T18:24:08Z
1404840,Onions - Vidalia,Kids,8,£49.98,2018-11-27T11:15:32Z
4295119,Soup Campbells,Computers,1,£22.19,2018-11-27T11:18:06Z
6835418,Carbonated Water - Lemon Lime,Grocery,1,£49.16,2018-11-27T00:36:44Z
0103222,Spring Roll Veg Mini,Shoes,10,£30.54,2018-11-27T01:35:48Z
4502186,"Jam - Raspberry,jar",Grocery,8,£99.42,2018-11-27T01:40:35Z
1772024,Juice - Orangina,Toys,5,£9.00,2018-11-27T21:33:18Z
4388184,Oyster - In Shell,Movies,6,£11.32,2018-11-27T02:23:42Z
9027653,Muffins - Assorted,Beauty,5,£47.40,2018-11-27T23:25:55Z
0854828,Oyster - In Shell,Home,8,£56.49,2018-11-27T18:55:09Z
4527042,Table Cloth 54x54 White,Sports,6,£57.75,2018-11-27T14:41:29Z
0404232,Appetizer - Chicken Satay,Electronics,1,£46.78,2018-11-27T05:07:27Z
9209314,Sansho Powder,Home,3,£50.02,2018-11-27T22:05:47Z
1413046,Bread - Italian Roll With Herbs,Books,2,£87.26,2018-11-27T20:27:34Z
9107713,Yoplait - Strawbrasp Peac,Electronics,2,£24.68,2018-11-27T15:19:57Z
4790468,Soup - Campbells Chili,Garden,8,£70.09,2018-11-27T16:00:05Z
5627753,Tofu - Soft,Home,10,£65.56,2018-11-27T12:03:02Z
0749336,Almonds Ground Blanched,Books,10,£3.59,2018-11-27T12:17:36Z
9733829,Cardamon Seed / Pod,Sports,6,£59.46,2018-11-27T11:29:38Z
6040192,Bonito Flakes - Toku Katsuo,Games,3,£89.34,2018-11-27T10:58:56Z
2450786,Calypso - Black Cherry Lemonade,Jewelery,4,£38.47,2018-11-27T10:47:28Z
1763751,Milk Powder,Beauty,9,£4.78,2018-11-27T18:48:14Z
6930661,"Doilies - 5, Paper",Movies,8,£63.77,2018-11-27T20:16:31Z
4668640,Cheese Cloth No 100,Health,9,£20.11,2018-11-27T15:33:28Z
2934806,Blouse / Shirt / Sweater,Health,1,£3.07,2018-11-27T07:58:37Z
0793480,Tea - Lemon Green Tea,Jewelery,8,£84.01,2018-11-27T14:07:58Z
2777860,Sponge Cake Mix - Vanilla,Music,8,£67.63,2018-11-27T15:58:38Z
7680077,"Potatoes - Yukon Gold, 80 Ct",Home,4,£44.93,2018-11-27T13:53:38Z
5944934,Fenngreek Seed,Beauty,4,£89.91,2018-11-27T17:58:56Z
5092046,"Shrimp - Baby, Cold Water",Kids,2,£79.31,2018-11-27T05:46:01Z
6508738,Ham - Black Forest,Tools,2,£77.60,2018-11-27T23:10:24Z
3688852,Salt - Celery,Industrial,3,£64.71,2018-11-27T11:23:44Z
2865150,Bagelers - Cinn / Brown,Health,1,£76.17,2018-11-27T11:42:32Z
2763103,Wine - Redchard Merritt,Grocery,9,£90.96,2018-11-27T22:08:23Z
0732592,Potatoes - Fingerling 4 Oz,Outdoors,8,£60.53,2018-11-27T07:37:57Z
3808795,Bulgar,Tools,1,£52.26,2018-11-27T09:30:13Z
9433983,Oil - Hazelnut,Beauty,10,£70.23,2018-11-27T23:39:08Z
0534322,Island Oasis - Sweet And Sour Mix,Clothing,1,£27.08,2018-11-27T10:55:43Z
3048628,Tea - Herbal Sweet Dreams,Games,2,£29.20,2018-11-27T21:25:00Z
1176688,Phyllo Dough,Beauty,10,£19.50,2018-11-27T01:08:34Z
1926302,"Napkin - Beverge, White 2 - Ply",Grocery,2,£28.41,2018-11-27T22:19:16Z
1702289,Mints - Striped Red,Grocery,1,£68.97,2018-11-27T11:24:11Z
6940945,"Iced Tea - Lemon, 340ml",Health,10,£10.62,2018-11-27T05:52:32Z
8414306,Oven Mitt - 13 Inch,Garden,9,£24.20,2018-11-27T21:42:59Z
7018762,Cheese - Asiago,Grocery,2,£24.70,2018-11-27T01:07:17Z
5221468,Bread - Corn Muffaletta,Sports,2,£74.12,2018-11-27T17:06:41Z
4766580,Longos - Burritos,Electronics,5,£63.58,2018-11-27T23:08:12Z
9835830,Chocolate - Milk Coating,Movies,2,£64.26,2018-11-27T16:13:22Z
5627938,Scotch - Queen Anne,Books,2,£89.85,2018-11-27T00:34:02Z
1982582,Cheese - Pont Couvert,Tools,6,£32.42,2018-11-27T02:58:04Z
7464111,"Tuna - Canned, Flaked, Light",Garden,5,£7.93,2018-11-27T11:30:49Z
2259794,Longos - Lasagna Beef,Toys,10,£67.32,2018-11-27T03:41:24Z
0335856,Scallops - U - 10,Baby,1,£90.52,2018-11-27T11:44:37Z
4538437,Table Cloth 62x114 Colour,Music,5,£2.71,2018-11-27T17:13:13Z
9962685,Pepper - Green,Tools,1,£50.50,2018-11-27T02:24:42Z
3813692,Gatorade - Cool Blue Raspberry,Beauty,10,£71.52,2018-11-27T23:12:04Z
6353862,Island Oasis - Pina Colada,Grocery,8,£57.55,2018-11-27T02:11:24Z
5429215,Pears - Bosc,Garden,1,£99.73,2018-11-27T06:03:43Z
7278981,Papayas,Jewelery,2,£40.22,2018-11-27T18:30:27Z
6968433,Salmon - Sockeye Raw,Movies,9,£67.38,2018-11-27T22:25:13Z
2044437,Duck - Whole,Books,9,£87.54,2018-11-27T14:10:20Z
5584830,Bread - 10 Grain,Baby,1,£43.87,2018-11-27T01:52:56Z
8934746,Maintenance Removal Charge,Books,7,£91.06,2018-11-27T03:04:54Z
0437261,Ice Cream Bar - Hageen Daz To,Baby,7,£81.18,2018-11-27T02:54:42Z
3310224,"Carrots - Purple, Organic",Outdoors,2,£83.77,2018-11-27T15:28:51Z
8200800,Pork - Backs - Boneless,Garden,7,£11.58,2018-11-27T05:04:05Z
5518377,Foil - Round Foil,Toys,1,£85.24,2018-11-27T11:59:11Z
4789572,Lettuce - Radicchio,Jewelery,6,£64.61,2018-11-27T16:57:54Z
9880604,Lid Coffeecup 12oz D9542b,Industrial,5,£53.24,2018-11-27T06:57:13Z
3852024,Wine - Vineland Estate Semi - Dry,Music,10,£64.61,2018-11-27T08:01:01Z
3380137,Table Cloth 81x81 White,Automotive,9,£8.87,2018-11-27T23:05:35Z
4382192,"Veal - Insides, Grains",Books,4,£39.01,2018-11-27T14:10:11Z
0577648,Tamarillo,Baby,8,£60.19,2018-11-27T09:08:55Z
4051487,"Extract - Vanilla,artificial",Outdoors,9,£74.47,2018-11-27T11:39:13Z
3027873,Appetizer - Lobster Phyllo Roll,Beauty,3,£89.79,2018-11-27T23:09:33Z
2129208,"Pasta - Orzo, Dry",Outdoors,6,£33.99,2018-11-27T12:50:02Z
8943556,"Carrots - Mini, Stem On",Shoes,2,£59.51,2018-11-27T23:58:26Z
0285265,"Nut - Almond, Blanched, Whole",Garden,2,£21.96,2018-11-27T03:55:45Z
8620311,Beer - Camerons Auburn,Shoes,7,£58.28,2018-11-27T04:34:18Z
6833759,Bread - Wheat Baguette,Automotive,1,£92.56,2018-11-27T08:56:22Z
8387153,Flour - Strong,Industrial,5,£48.83,2018-11-27T19:26:33Z
8868004,Wine - Red Oakridge Merlot,Music,2,£71.94,2018-11-27T09:51:13Z
0165876,Nori Sea Weed - Gold Label,Books,3,£10.05,2018-11-27T06:03:48Z
7235043,Bacardi Mojito,Grocery,8,£67.42,2018-11-27T21:28:13Z
6547724,Plums - Red,Kids,4,£74.08,2018-11-27T06:53:16Z
3434929,Beer - Rickards Red,Jewelery,3,£80.37,2018-11-27T18:39:05Z
3703927,Carbonated Water - Cherry,Computers,9,£83.97,2018-11-27T00:51:04Z
5169309,"Rum - Light, Captain Morgan",Tools,6,£19.45,2018-11-27T22:01:50Z
2469656,Baking Soda,Sports,6,£99.53,2018-11-27T11:15:14Z
1689108,"Crab - Claws, Snow 16 - 24",Games,2,£71.45,2018-11-27T14:52:36Z
4869396,Tray - 16in Rnd Blk,Toys,9,£13.34,2018-11-27T20:32:04Z
5379755,Sour Puss Sour Apple,Tools,3,£67.57,2018-11-27T01:26:28Z
7170593,"Plate - Foam, Bread And Butter",Movies,6,£1.31,2018-11-27T05:11:34Z
2405441,Brandy Cherry - Mcguinness,Kids,3,£55.60,2018-11-27T04:07:30Z
0078148,"Soup - Knorr, French Onion",Kids,9,£98.83,2018-11-27T18:26:06Z
4028973,Cookies - Englishbay Wht,Movies,6,£18.55,2018-11-27T08:46:58Z
9028662,"Soup - Campbells, Classic Chix",Shoes,1,£36.78,2018-11-27T22:39:05Z
4111918,Dc - Frozen Momji,Outdoors,9,£25.18,2018-11-27T21:49:31Z
0293588,Appetiser - Bought,Toys,2,£26.25,2018-11-27T04:55:41Z
5341801,Mikes Hard Lemonade,Toys,7,£23.68,2018-11-27T19:53:56Z
2227725,Hummus - Spread,Clothing,4,£41.14,2018-11-27T14:05:14Z
5968747,Sambuca - Ramazzotti,Toys,6,£15.17,2018-11-27T23:51:27Z
5925124,Pasta - Agnolotti - Butternut,Movies,5,£46.35,2018-11-27T22:45:36Z
5347380,Mint - Fresh,Music,3,£94.98,2018-11-27T08:17:47Z
6441910,Pepper - Roasted Red,Beauty,8,£55.48,2018-11-27T07:16:23Z
8885946,Flour - Pastry,Shoes,4,£45.05,2018-11-27T19:06:53Z
3351720,Beer - Mill St Organic,Clothing,4,£53.05,2018-11-27T05:21:55Z
6483989,Tea - Green,Outdoors,4,£31.35,2018-11-27T16:12:22Z
6865172,Beef - Top Sirloin - Aaa,Grocery,7,£44.02,2018-11-27T01:25:00Z
8073501,Milk - Homo,Sports,10,£20.59,2018-11-27T07:54:59Z
7292807,"Ranchero - Primerba, Paste",Grocery,7,£82.27,2018-11-27T12:03:29Z
4215757,Potatoes - Idaho 100 Count,Sports,3,£96.20,2018-11-27T13:24:19Z
4223843,Zucchini - Green,Games,6,£99.33,2018-11-27T13:01:12Z
8485999,Sauce - Thousand Island,Computers,9,£97.33,2018-11-27T23:35:16Z
8725600,Cheese - Feta,Industrial,8,£50.45,2018-11-27T05:10:20Z
0534629,Flounder - Fresh,Industrial,3,£84.74,2018-11-27T17:25:47Z
8492012,Chocolate - Mi - Amere Semi,Automotive,5,£49.75,2018-11-27T02:25:02Z
6502041,Versatainer Nc - 9388,Computers,9,£49.65,2018-11-27T17:41:40Z
9434004,"Beans - Turtle, Black, Dry",Jewelery,4,£29.40,2018-11-27T23:38:46Z
7460038,"Wine - White, Schroder And Schyl",Grocery,3,£77.00,2018-11-27T07:29:21Z
1974145,Wine - Magnotta - Bel Paese White,Sports,6,£70.30,2018-11-27T12:03:26Z
4970725,"Chestnuts - Whole,canned",Baby,10,£37.09,2018-11-27T07:46:42Z
3944579,Chervil - Fresh,Computers,10,£93.60,2018-11-27T17:56:05Z
2556544,Cocktail Napkin Blue,Shoes,1,£79.28,2018-11-27T20:19:09Z
5564388,"Orange - Canned, Mandarin",Computers,10,£34.75,2018-11-27T02:29:51Z
8103494,Tamarind Paste,Garden,5,£97.00,2018-11-27T19:58:34Z
1152897,Bread - Multigrain Oval,Books,8,£46.08,2018-11-27T10:11:57Z
9023294,Chips - Assorted,Games,3,£18.19,2018-11-27T05:55:50Z
5287633,"Crab - Claws, Snow 16 - 24",Kids,8,£42.86,2018-11-27T21:04:08Z
8332247,"Vermacelli - Sprinkles, Assorted",Health,9,£84.64,2018-11-27T06:03:28Z
4618334,Chocolate - Unsweetened,Tools,10,£77.64,2018-11-27T19:09:14Z
2386902,Wine - Rubyport,Electronics,7,£78.78,2018-11-27T22:28:07Z
1558234,Tomatoes Tear Drop,Industrial,3,£68.06,2018-11-27T17:15:13Z
3483417,"Sauce - Gravy, Au Jus, Mix",Movies,5,£92.76,2018-11-27T18:23:39Z
3840349,Longos - Chicken Cordon Bleu,Baby,1,£48.32,2018-11-27T03:33:11Z
2394903,Bouillion - Fish,Home,5,£43.12,2018-11-27T00:14:13Z
5844609,Vol Au Vents,Grocery,6,£71.60,2018-11-27T04:47:51Z
8368431,Corn Meal,Books,3,£37.98,2018-11-27T13:21:50Z
3000766,"Wine - Red, Colio Cabernet",Shoes,10,£44.51,2018-11-27T17:54:18Z
0464723,Flavouring - Orange,Kids,3,£72.36,2018-11-27T16:23:32Z
7062866,Syrup - Monin - Granny Smith,Baby,3,£65.16,2018-11-27T06:40:06Z
3303338,Soup - Campbells Chili Veg,Garden,4,£33.27,2018-11-27T09:16:06Z
4956191,Chips - Assorted,Outdoors,10,£25.59,2018-11-27T13:13:54Z
8416671,Steampan Lid,Tools,1,£66.21,2018-11-27T12:11:50Z
6233143,Wanton Wrap,Kids,1,£25.78,2018-11-27T01:34:34Z
0313693,Straws - Cocktale,Beauty,3,£28.18,2018-11-27T22:53:28Z
9489954,Lentils - Green Le Puy,Health,1,£85.40,2018-11-27T03:44:32Z
4644608,Fiddlehead - Frozen,Movies,6,£78.28,2018-11-27T07:58:05Z
4112680,Rabbit - Saddles,Movies,3,£84.56,2018-11-27T22:22:12Z
6926131,Ecolab - Hand Soap Form Antibac,Movies,3,£58.92,2018-11-27T07:12:54Z
6248556,Wine - Crozes Hermitage E.,Music,10,£98.15,2018-11-27T21:39:57Z
4341062,Duck - Whole,Books,1,£95.83,2018-11-27T17:58:15Z
9708662,Muffin Batt - Ban Dream Zero,Music,1,£57.05,2018-11-27T10:26:56Z
8684992,"Soup - Knorr, Chicken Noodle",Beauty,6,£22.95,2018-11-27T13:26:59Z
1088963,Energy Drink Red Bull,Home,8,£85.46,2018-11-27T14:00:05Z
8627982,"Soup - Cream Of Broccoli, Dry",Clothing,3,£32.32,2018-11-27T00:12:30Z
3963571,Napkin - Beverage 1 Ply,Baby,8,£96.91,2018-11-27T13:49:38Z
2413866,Smirnoff Green Apple Twist,Grocery,1,£92.72,2018-11-27T02:30:17Z
6902822,"Cod - Salted, Boneless",Books,5,£53.39,2018-11-27T07:39:53Z
4575441,Foam Dinner Plate,Shoes,4,£91.84,2018-11-27T23:16:57Z
2720153,"Wine - Sherry Dry Sack, William",Books,7,£38.47,2018-11-27T05:02:22Z
5287531,Bread - Multigrain Oval,Shoes,10,£96.91,2018-11-27T00:12:43Z
3393707,Bread - Raisin Walnut Oval,Shoes,3,£15.38,2018-11-27T10:01:57Z
7518416,"Lamb - Shoulder, Boneless",Beauty,9,£72.84,2018-11-27T16:21:05Z
3348491,Glycerine,Health,3,£73.50,2018-11-27T10:13:27Z
7341793,"Salt - Rock, Course",Health,6,£49.12,2018-11-27T05:45:51Z
2968986,Cake - Mini Cheesecake,Grocery,7,£22.03,2018-11-27T22:30:49Z
0429563,Wine - Hardys Bankside Shiraz,Music,2,£88.52,2018-11-27T05:57:01Z
3741206,Fennel - Seeds,Computers,3,£39.90,2018-11-27T22:58:41Z
3592884,Mousse - Banana Chocolate,Tools,10,£68.70,2018-11-27T10:25:46Z
2797380,Chicken - Whole Roasting,Automotive,4,£13.11,2018-11-27T23:44:16Z
9101290,Cardamon Ground,Clothing,6,£3.36,2018-11-27T16:00:27Z
7900254,Pepper - Sorrano,Grocery,2,£43.03,2018-11-27T19:03:40Z
2481958,"Cheese - Mozzarella, Buffalo",Sports,7,£44.85,2018-11-27T20:17:04Z
2991541,"Iced Tea - Lemon, 460 Ml",Tools,6,£26.86,2018-11-27T22:42:27Z
1205708,Beer - Sleeman Fine Porter,Shoes,8,£56.00,2018-11-27T02:19:57Z
6521593,Longos - Chicken Caeser Salad,Industrial,1,£64.52,2018-11-27T05:10:24Z
6731048,Cheese - Fontina,Books,6,£16.19,2018-11-27T22:45:50Z
1748636,Ham - Black Forest,Outdoors,3,£37.66,2018-11-27T13:58:55Z
4128338,"Turnip - White, Organic",Clothing,7,£21.88,2018-11-27T17:01:27Z
2927898,Wine - Jafflin Bourgongone,Beauty,8,£14.18,2018-11-27T14:26:01Z
7807849,Soup - Campbells - Chicken Noodle,Toys,1,£56.95,2018-11-27T17:31:14Z
7602816,Soup - Campbells - Chicken Noodle,Tools,7,£85.13,2018-11-27T23:13:40Z
4976911,Compound - Raspberry,Grocery,5,£47.45,2018-11-27T08:40:15Z
1741793,Nacho Chips,Grocery,8,£47.81,2018-11-27T04:53:52Z
2348301,Pate - Peppercorn,Automotive,1,£41.35,2018-11-27T00:56:23Z
5191204,Beans - Fava Fresh,Music,6,£58.50,2018-11-27T23:14:45Z
8598611,Muffin Mix - Chocolate Chip,Automotive,3,£14.14,2018-11-27T11:29:47Z
5551748,"Cheese - Cheddar, Mild",Jewelery,10,£17.04,2018-11-27T02:34:32Z
4800224,Contreau,Health,5,£0.63,2018-11-27T11:41:36Z
7994541,Pepper - Green Thai,Home,3,£33.91,2018-11-27T18:53:25Z
8892193,Filling - Mince Meat,Tools,7,£47.73,2018-11-27T16:40:14Z
8800863,Bread - Raisin Walnut Oval,Electronics,2,£35.98,2018-11-27T18:07:54Z
3677804,Bacardi Raspberry,Industrial,10,£93.27,2018-11-27T16:25:54Z
6774360,Lychee,Tools,7,£98.61,2018-11-27T08:07:31Z
4477935,Garlic Powder,Tools,4,£13.06,2018-11-27T18:22:35Z
